ticker;scenario;entry_date;entry_price;exit_date;exit_price;exit_reason;return_pct;max_drawdown_pct;holding_weeks;score;fib_retracement;stop_price;target_1618;target_2618;hit_target_1;hit_target_2;weeks_to_target_1;max_favorable_excursion;precio_punto0;precio_puntoC;bolsa;ratio_volumen;pct_sobre_linea;close_strength;weeks_since_c;w1_duration;w2_duration;avg_volume_w2
CRH;A;2013-08-12;16.1391;2014-08-11;17.458;TIMEOUT;0.0817;-0.0835;52;64;0.5047;11.1002;22.7708;28.2932;False;False;;0.3611;11.1002;13.8356;US;1.8018;0.1077;0.4706;7;40;15;1140393.3333333333
CRH;B;2013-08-12;16.1391;2014-08-11;17.458;TIMEOUT;0.0817;-0.0835;52;64;0.5047;13.8356;22.7708;28.2932;False;False;;0.3611;11.1002;13.8356;US;1.8018;0.1077;0.4706;7;40;15;1140393.3333333333
CRH;C;2013-08-12;16.1391;2014-06-23;19.3315;STOP_C_P3;0.1978;-0.0835;45;64;0.5047;19.3315;22.7708;28.2932;False;False;;0.3611;11.1002;13.8356;US;1.8018;0.1077;0.4706;7;40;15;1140393.3333333333
CAT;A;2013-10-21;61.919;2014-10-20;74.5685;TIMEOUT;0.2043;-0.0342;52;35;0.6735;46.8027;114.9608;150.013;False;False;;0.3397;46.8027;58.2462;US;1.4394;0.0489;0.281;17;20;70;32834101.42857143
ITX.MC;A;2013-10-21;16.3547;2014-10-20;15.0325;TIMEOUT;-0.0808;-0.1682;52;46;0.3447;7.0789;25.7292;33.9332;False;False;;0.0319;7.0789;12.455;MC;2.5915;0.1783;0.6667;17;69;27;46822039.44444445
CAT;B;2013-10-21;61.919;2014-10-20;74.5685;TIMEOUT;0.2043;-0.0342;52;35;0.6735;58.2462;114.9608;150.013;False;False;;0.3397;46.8027;58.2462;US;1.4394;0.0489;0.281;17;20;70;32834101.42857143
ITX.MC;B;2013-10-21;16.3547;2014-10-20;15.0325;TIMEOUT;-0.0808;-0.1682;52;46;0.3447;12.455;25.7292;33.9332;False;False;;0.0319;7.0789;12.455;MC;2.5915;0.1783;0.6667;17;69;27;46822039.44444445
CAT;C;2013-10-21;61.919;2014-10-20;74.5685;TIMEOUT;0.2043;-0.0342;52;35;0.6735;61.919;114.9608;150.013;False;False;;0.3397;46.8027;58.2462;US;1.4394;0.0489;0.281;17;20;70;32834101.42857143
ITX.MC;C;2013-10-21;16.3547;2014-10-20;15.0325;TIMEOUT;-0.0808;-0.1682;52;46;0.3447;11.8322;25.7292;33.9332;False;False;;0.0319;7.0789;12.455;MC;2.5915;0.1783;0.6667;17;69;27;46822039.44444445
DHI;A;2013-11-11;17.0505;2014-11-10;21.3567;TIMEOUT;0.2526;-0.0475;52;68;0.5106;6.8497;43.3145;60.6174;False;False;;0.2922;6.8497;15.3184;US;1.5174;0.0383;0.8348;4;84;22;38055481.81818182
DHI;B;2013-11-11;17.0505;2014-11-10;21.3567;TIMEOUT;0.2526;-0.0475;52;68;0.5106;15.3184;43.3145;60.6174;False;False;;0.2922;6.8497;15.3184;US;1.5174;0.0383;0.8348;4;84;22;38055481.81818182
DHI;C;2013-11-11;17.0505;2014-10-13;17.0505;STOP_C_P2;0.0;-0.0475;48;68;0.5106;17.0505;43.3145;60.6174;False;False;;0.2922;6.8497;15.3184;US;1.5174;0.0383;0.8348;4;84;22;38055481.81818182
BCP.LS;A;2013-12-02;0.8785;2014-06-30;1.5573;TARGET_2;0.7727;0.0;30;22;0.7344;0.3625;1.1429;1.5573;True;True;3;0.7854;0.3625;0.4726;LS;1.344;0.5733;0.5041;22;18;23;92435014.82608695
MPC;A;2013-12-02;30.2285;2014-12-01;32.6127;TIMEOUT;0.0789;-0.1309;52;59;0.5154;11.2783;54.084;74.4427;False;False;;0.1467;11.2783;21.1438;US;1.8159;0.3796;0.7492;8;42;28;32532792.85714286
VLO;A;2013-12-02;29.3244;2014-12-01;31.9882;TIMEOUT;0.0908;-0.0732;52;52;0.4333;11.1421;47.3851;63.9743;False;False;;0.288;11.1421;20.5439;US;1.5131;0.2395;0.7509;22;39;17;47312425.058823526
BCP.LS;B;2013-12-02;0.8785;2014-06-30;1.5573;TARGET_2;0.7727;0.0;30;22;0.7344;0.4726;1.1429;1.5573;True;True;3;0.7854;0.3625;0.4726;LS;1.344;0.5733;0.5041;22;18;23;92435014.82608695
MPC;B;2013-12-02;30.2285;2014-12-01;32.6127;TIMEOUT;0.0789;-0.1309;52;59;0.5154;21.1438;54.084;74.4427;False;False;;0.1467;11.2783;21.1438;US;1.8159;0.3796;0.7492;8;42;28;32532792.85714286
VLO;B;2013-12-02;29.3244;2014-12-01;31.9882;TIMEOUT;0.0908;-0.0732;52;52;0.4333;20.5439;47.3851;63.9743;False;False;;0.288;11.1421;20.5439;US;1.5131;0.2395;0.7509;22;39;17;47312425.058823526
BCP.LS;C;2013-12-02;0.8785;2013-12-30;1.0476;STOP_C_P3;0.1926;0.0;4;22;0.7344;1.0476;1.1429;1.5573;True;False;3;0.378;0.3625;0.4726;LS;1.344;0.5733;0.5041;22;18;23;92435014.82608695
MPC;C;2013-12-02;30.2285;2014-12-01;32.6127;TIMEOUT;0.0789;-0.1309;52;59;0.5154;20.0866;54.084;74.4427;False;False;;0.1467;11.2783;21.1438;US;1.8159;0.3796;0.7492;8;42;28;32532792.85714286
VLO;C;2013-12-02;29.3244;2014-02-03;29.3244;STOP_C_P2;0.0;-0.032;9;52;0.4333;29.3244;47.3851;63.9743;False;False;;0.1516;11.1421;20.5439;US;1.5131;0.2395;0.7509;22;39;17;47312425.058823526
CCL;A;2013-12-16;31.8095;2014-12-15;37.6119;TIMEOUT;0.1824;-0.1311;52;58;0.6549;22.2758;40.969;50.4914;False;False;;0.1877;22.2758;25.5617;US;1.9897;0.0412;0.9399;10;48;42;22397585.714285713
CCL;B;2013-12-16;31.8095;2014-12-15;37.6119;TIMEOUT;0.1824;-0.1311;52;58;0.6549;25.5617;40.969;50.4914;False;False;;0.1877;22.2758;25.5617;US;1.9897;0.0412;0.9399;10;48;42;22397585.714285713
CCL;C;2013-12-16;31.8095;2014-12-15;37.6119;TIMEOUT;0.1824;-0.1311;52;58;0.6549;33.2462;40.969;50.4914;False;False;;0.1877;22.2758;25.5617;US;1.9897;0.0412;0.9399;10;48;42;22397585.714285713
TGS.OL;A;2014-01-06;102.8473;2015-01-05;97.7358;TIMEOUT;-0.0497;-0.161;52;79;0.6254;51.4098;203.895;280.4212;False;False;;0.2139;51.4098;80.0756;OL;2.4404;0.1604;1.0;4;78;36;2150022.722222222
TGS.OL;B;2014-01-06;102.8473;2015-01-05;97.7358;TIMEOUT;-0.0497;-0.161;52;79;0.6254;80.0756;203.895;280.4212;False;False;;0.2139;51.4098;80.0756;OL;2.4404;0.1604;1.0;4;78;36;2150022.722222222
TGS.OL;C;2014-01-06;102.8473;2014-09-01;102.8473;STOP_C_P2;0.0;-0.1071;34;79;0.6254;102.8473;203.895;280.4212;False;False;;0.2139;51.4098;80.0756;OL;2.4404;0.1604;1.0;4;78;36;2150022.722222222
EQR;A;2014-01-27;30.4123;2015-01-26;43.9918;TIMEOUT_T1;0.4465;-0.0148;52;40;0.7402;24.684;42.5587;52.0777;True;False;49;0.5103;24.684;27.157;US;1.6553;0.0184;0.9046;9;41;71;9413823.943661971
EQR;B;2014-01-27;30.4123;2015-01-26;43.9918;TIMEOUT_T1;0.4465;-0.0148;52;40;0.7402;27.157;42.5587;52.0777;True;False;49;0.5103;24.684;27.157;US;1.6553;0.0184;0.9046;9;41;71;9413823.943661971
EQR;C;2014-01-27;30.4123;2015-01-26;43.9918;TIMEOUT_T1;0.4465;-0.0148;52;40;0.7402;40.4187;42.5587;52.0777;True;False;49;0.5103;24.684;27.157;US;1.6553;0.0184;0.9046;9;41;71;9413823.943661971
CPT;A;2014-02-03;40.3703;2015-02-02;48.0873;TIMEOUT;0.1912;-0.0143;52;68;0.6763;29.3169;60.5763;76.6752;False;False;;0.2889;29.3169;34.5283;US;1.7935;0.1401;0.9891;7;85;30;3025830.0
ESS;A;2014-02-03;110.8524;2015-02-02;154.1531;TIMEOUT_T1;0.3906;-0.0188;52;79;0.5682;75.9705;152.9115;190.447;True;False;49;0.4422;75.9705;92.1792;US;2.71;0.0392;0.9429;5;88;22;1306431.8181818181
KIM;A;2014-02-03;11.6441;2015-02-02;15.4747;TIMEOUT;0.329;-0.0038;52;61;0.4805;7.3826;20.5115;26.6539;False;False;;0.419;7.3826;10.5732;US;1.4184;0.1165;0.8514;17;76;22;17766395.454545453
CPT;B;2014-02-03;40.3703;2015-02-02;48.0873;TIMEOUT;0.1912;-0.0143;52;68;0.6763;34.5283;60.5763;76.6752;False;False;;0.2889;29.3169;34.5283;US;1.7935;0.1401;0.9891;7;85;30;3025830.0
ESS;B;2014-02-03;110.8524;2015-02-02;154.1531;TIMEOUT_T1;0.3906;-0.0188;52;79;0.5682;92.1792;152.9115;190.447;True;False;49;0.4422;75.9705;92.1792;US;2.71;0.0392;0.9429;5;88;22;1306431.8181818181
KIM;B;2014-02-03;11.6441;2015-02-02;15.4747;TIMEOUT;0.329;-0.0038;52;61;0.4805;10.5732;20.5115;26.6539;False;False;;0.419;7.3826;10.5732;US;1.4184;0.1165;0.8514;17;76;22;17766395.454545453
CPT;C;2014-02-03;40.3703;2015-02-02;48.0873;TIMEOUT;0.1912;-0.0143;52;68;0.6763;45.7893;60.5763;76.6752;False;False;;0.2889;29.3169;34.5283;US;1.7935;0.1401;0.9891;7;85;30;3025830.0
ESS;C;2014-02-03;110.8524;2015-02-02;154.1531;TIMEOUT_T1;0.3906;-0.0188;52;79;0.5682;140.6819;152.9115;190.447;True;False;49;0.4422;75.9705;92.1792;US;2.71;0.0392;0.9429;5;88;22;1306431.8181818181
KIM;C;2014-02-03;11.6441;2015-02-02;15.4747;TIMEOUT;0.329;-0.0038;52;61;0.4805;11.6441;20.5115;26.6539;False;False;;0.419;7.3826;10.5732;US;1.4184;0.1165;0.8514;17;76;22;17766395.454545453
TGS.OL;A;2014-03-31;114.4926;2015-03-30;109.5461;TIMEOUT;-0.0432;-0.2464;52;63;0.5772;51.4098;207.5846;284.1108;False;False;;0.0905;51.4098;83.7652;OL;1.4262;0.2011;0.9789;12;78;40;2208376.825
TGS.OL;B;2014-03-31;114.4926;2015-03-30;109.5461;TIMEOUT;-0.0432;-0.2464;52;63;0.5772;83.7652;207.5846;284.1108;False;False;;0.0905;51.4098;83.7652;OL;1.4262;0.2011;0.9789;12;78;40;2208376.825
TGS.OL;C;2014-03-31;114.4926;2015-03-30;109.5461;TIMEOUT;-0.0432;-0.2464;52;63;0.5772;79.577;207.5846;284.1108;False;False;;0.0905;51.4098;83.7652;OL;1.4262;0.2011;0.9789;12;78;40;2208376.825
AMG.AS;A;2014-05-05;6.3111;2014-10-06;4.858;STOP_P0;-0.2302;-0.2736;22;48;0.6254;4.858;8.9221;10.9617;False;False;;0.0209;4.858;5.6221;AS;1.3206;0.0401;0.6505;9;17;18;686639.0555555555
EXPD;A;2014-05-05;36.9066;2015-05-04;41.533;TIMEOUT;0.1254;-0.1134;52;47;0.6658;29.244;49.6185;60.0552;False;False;;0.1591;29.244;32.732;US;1.3051;0.0688;0.7094;7;27;20;6610290.0
AMG.AS;B;2014-05-05;6.3111;2014-09-22;5.6221;STOP_C;-0.1092;-0.1211;20;48;0.6254;5.6221;8.9221;10.9617;False;False;;0.0209;4.858;5.6221;AS;1.3206;0.0401;0.6505;9;17;18;686639.0555555555
EXPD;B;2014-05-05;36.9066;2014-10-13;32.732;STOP_C;-0.1131;-0.1134;23;47;0.6658;32.732;49.6185;60.0552;False;False;;0.0803;29.244;32.732;US;1.3051;0.0688;0.7094;7;27;20;6610290.0
AMG.AS;C;2014-05-05;6.3111;2014-10-06;5.341;STOP_C_P1;-0.1537;-0.2736;22;48;0.6254;5.341;8.9221;10.9617;False;False;;0.0209;4.858;5.6221;AS;1.3206;0.0401;0.6505;9;17;18;686639.0555555555
EXPD;C;2014-05-05;36.9066;2015-05-04;41.533;TIMEOUT;0.1254;-0.1134;52;47;0.6658;36.9066;49.6185;60.0552;False;False;;0.1591;29.244;32.732;US;1.3051;0.0688;0.7094;7;27;20;6610290.0
ED;A;2014-06-16;36.6071;2015-06-15;39.6806;TIMEOUT_T1;0.084;-0.0381;52;40;0.6843;30.6529;46.9883;55.4362;True;False;32;0.3006;30.6529;33.3196;US;1.4125;0.03;0.77;13;50;85;8774904.705882354
ED;B;2014-06-16;36.6071;2015-06-15;39.6806;TIMEOUT_T1;0.084;-0.0381;52;40;0.6843;33.3196;46.9883;55.4362;True;False;32;0.3006;30.6529;33.3196;US;1.4125;0.03;0.77;13;50;85;8774904.705882354
ED;C;2014-06-16;36.6071;2015-02-16;41.8966;STOP_C_P3;0.1445;-0.0381;35;40;0.6843;41.8966;46.9883;55.4362;True;False;32;0.3006;30.6529;33.3196;US;1.4125;0.03;0.77;13;50;85;8774904.705882354
BCP.LS;A;2014-06-30;1.2873;2015-06-29;0.8634;TIMEOUT;-0.3293;-0.4939;52;75;0.506;0.4726;2.7477;3.8249;False;False;;0.1594;0.4726;1.0047;LS;2.8445;0.1318;0.2736;1;39;12;92900396.58333333
BCP.LS;B;2014-06-30;1.2873;2014-08-04;1.0047;STOP_C;-0.2195;-0.3925;5;75;0.506;1.0047;2.7477;3.8249;False;False;;0.1594;0.4726;1.0047;LS;2.8445;0.1318;0.2736;1;39;12;92900396.58333333
BCP.LS;C;2014-06-30;1.2873;2014-07-28;1.2873;STOP_C_P2;0.0;-0.1698;4;75;0.506;1.2873;2.7477;3.8249;False;False;;0.1594;0.4726;1.0047;LS;2.8445;0.1318;0.2736;1;39;12;92900396.58333333
TJX;A;2014-08-18;25.1941;2015-08-17;30.7185;TIMEOUT;0.2193;-0.0131;52;44;0.3084;10.4583;48.8729;65.5055;False;False;;0.311;10.4583;21.9613;US;1.8861;0.047;0.9458;5;122;26;40151192.307692304
TJX;B;2014-08-18;25.1941;2015-08-17;30.7185;TIMEOUT;0.2193;-0.0131;52;44;0.3084;21.9613;48.8729;65.5055;False;False;;0.311;10.4583;21.9613;US;1.8861;0.047;0.9458;5;122;26;40151192.307692304
TJX;C;2014-08-18;25.1941;2015-08-17;30.7185;TIMEOUT;0.2193;-0.0131;52;44;0.3084;25.1941;48.8729;65.5055;False;False;;0.311;10.4583;21.9613;US;1.8861;0.047;0.9458;5;122;26;40151192.307692304
MT.AS;A;2014-09-15;20.7914;2015-01-12;14.7068;STOP_P0;-0.2926;-0.3316;17;55;0.6036;14.7068;32.6417;41.545;False;False;;0.0;14.7068;18.2362;AS;1.3147;0.072;0.811;5;39;30;21067122.233333334
MT.AS;B;2014-09-15;20.7914;2014-10-06;18.2362;STOP_C;-0.1229;-0.1859;3;55;0.6036;18.2362;32.6417;41.545;False;False;;0.0;14.7068;18.2362;AS;1.3147;0.072;0.811;5;39;30;21067122.233333334
MT.AS;C;2014-09-15;20.7914;2014-10-06;17.3243;STOP_C_P1;-0.1668;-0.1859;3;55;0.6036;17.3243;32.6417;41.545;False;False;;0.0;14.7068;18.2362;AS;1.3147;0.072;0.811;5;39;30;21067122.233333334
ED;A;2014-10-06;38.5762;2015-10-05;44.4416;TIMEOUT;0.152;-0.0085;52;50;0.5342;30.6529;48.2564;56.7043;False;False;;0.2342;30.6529;34.5877;US;1.6105;0.0447;0.8947;20;50;94;9083081.914893618
ED;B;2014-10-06;38.5762;2015-10-05;44.4416;TIMEOUT;0.152;-0.0085;52;50;0.5342;34.5877;48.2564;56.7043;False;False;;0.2342;30.6529;34.5877;US;1.6105;0.0447;0.8947;20;50;94;9083081.914893618
ED;C;2014-10-06;38.5762;2015-02-16;41.8966;STOP_C_P3;0.0861;-0.0005;19;50;0.5342;41.8966;48.2564;56.7043;False;False;;0.2342;30.6529;34.5877;US;1.6105;0.0447;0.8947;20;50;94;9083081.914893618
A2A.MI;A;2014-10-27;0.4612;2015-10-26;0.7443;TIMEOUT;0.6137;-0.0495;52;54;0.4013;0.1923;1.0414;1.4244;False;False;;0.6642;0.1923;0.4217;MI;1.6169;0.0406;0.954;12;69;20;64104760.5
IAG.MC;A;2014-10-27;2.5498;2015-10-26;3.9878;TIMEOUT;0.564;-0.0274;52;62;0.4441;0.8308;4.9485;6.8425;False;False;;0.6559;0.8308;1.8838;MC;1.4838;0.0859;0.9197;12;91;23;48888464.217391305
A2A.MI;B;2014-10-27;0.4612;2015-10-26;0.7443;TIMEOUT;0.6137;-0.0495;52;54;0.4013;0.4217;1.0414;1.4244;False;False;;0.6642;0.1923;0.4217;MI;1.6169;0.0406;0.954;12;69;20;64104760.5
IAG.MC;B;2014-10-27;2.5498;2015-10-26;3.9878;TIMEOUT;0.564;-0.0274;52;62;0.4441;1.8838;4.9485;6.8425;False;False;;0.6559;0.8308;1.8838;MC;1.4838;0.0859;0.9197;12;91;23;48888464.217391305
A2A.MI;C;2014-10-27;0.4612;2015-10-26;0.7443;TIMEOUT;0.6137;-0.0495;52;54;0.4013;0.4612;1.0414;1.4244;False;False;;0.6642;0.1923;0.4217;MI;1.6169;0.0406;0.954;12;69;20;64104760.5
IAG.MC;C;2014-10-27;2.5498;2015-02-02;3.365;STOP_C_P3;0.3197;-0.0274;14;62;0.4441;3.365;4.9485;6.8425;False;False;;0.4997;0.8308;1.8838;MC;1.4838;0.0859;0.9197;12;91;23;48888464.217391305
VMC;A;2014-11-17;62.2753;2015-11-16;96.4438;TIMEOUT_T1;0.5487;-0.1036;52;59;0.6339;41.0969;84.4948;106.3673;True;False;25;0.5531;41.0969;49.105;US;1.3556;0.0673;0.8542;5;46;32;4479212.5
VMC;B;2014-11-17;62.2753;2015-11-16;96.4438;TIMEOUT_T1;0.5487;-0.1036;52;59;0.6339;49.105;84.4948;106.3673;True;False;25;0.5531;41.0969;49.105;US;1.3556;0.0673;0.8542;5;46;32;4479212.5
VMC;C;2014-11-17;62.2753;2015-08-24;79.7439;STOP_C_P3;0.2805;-0.1036;40;59;0.6339;79.7439;84.4948;106.3673;True;False;25;0.4551;41.0969;49.105;US;1.3556;0.0673;0.8542;5;46;32;4479212.5
PGR;A;2014-12-08;18.9117;2015-12-07;22.2959;TIMEOUT;0.1789;-0.036;52;31;0.3689;12.1849;28.0103;35.0466;False;False;;0.3214;12.1849;16.6256;US;1.5861;0.0421;0.0;19;70;34;19583508.82352941
PGR;B;2014-12-08;18.9117;2015-12-07;22.2959;TIMEOUT;0.1789;-0.036;52;31;0.3689;16.6256;28.0103;35.0466;False;False;;0.3214;12.1849;16.6256;US;1.5861;0.0421;0.0;19;70;34;19583508.82352941
PGR;C;2014-12-08;18.9117;2015-12-07;22.2959;TIMEOUT;0.1789;-0.036;52;31;0.3689;21.9912;28.0103;35.0466;False;False;;0.3214;12.1849;16.6256;US;1.5861;0.0421;0.0;19;70;34;19583508.82352941
WTW;A;2014-12-15;99.3757;2015-12-14;105.5546;TIMEOUT;0.0622;-0.0812;52;42;0.4086;66.7699;143.3747;178.0464;False;False;;0.1249;66.7699;87.2758;US;1.7718;0.0428;0.8956;19;52;41;1355171.0731707318
WTW;B;2014-12-15;99.3757;2015-12-14;105.5546;TIMEOUT;0.0622;-0.0812;52;42;0.4086;87.2758;143.3747;178.0464;False;False;;0.1249;66.7699;87.2758;US;1.7718;0.0428;0.8956;19;52;41;1355171.0731707318
WTW;C;2014-12-15;99.3757;2015-12-14;105.5546;TIMEOUT;0.0622;-0.0812;52;42;0.4086;82.912;143.3747;178.0464;False;False;;0.1249;66.7699;87.2758;US;1.7718;0.0428;0.8956;19;52;41;1355171.0731707318
ALFA.ST;A;2015-01-26;121.7494;2016-01-25;119.2468;TIMEOUT;-0.0206;-0.1598;52;73;0.6213;83.3839;205.9605;267.3516;False;False;;0.1787;83.3839;106.6297;ST;1.7808;0.0291;0.971;2;83;40;6227961.5
PHM;A;2015-01-26;17.8507;2016-01-25;14.7761;TIMEOUT;-0.1722;-0.2784;52;41;0.4537;6.4832;37.4526;51.7615;False;False;;0.1345;6.4832;14.3007;US;1.4116;0.1201;0.2081;15;49;74;37589329.72972973
ALFA.ST;B;2015-01-26;121.7494;2015-09-21;106.6297;STOP_C;-0.1242;-0.1598;34;73;0.6213;106.6297;205.9605;267.3516;False;False;;0.1787;83.3839;106.6297;ST;1.7808;0.0291;0.971;2;83;40;6227961.5
PHM;B;2015-01-26;17.8507;2016-01-04;14.3007;STOP_C;-0.1989;-0.2216;49;41;0.4537;14.3007;37.4526;51.7615;False;False;;0.1345;6.4832;14.3007;US;1.4116;0.1201;0.2081;15;49;74;37589329.72972973
ALFA.ST;C;2015-01-26;121.7494;2015-06-15;121.7494;STOP_C_P2;0.0;-0.0319;20;73;0.6213;121.7494;205.9605;267.3516;False;False;;0.1787;83.3839;106.6297;ST;1.7808;0.0291;0.971;2;83;40;6227961.5
PHM;C;2015-01-26;17.8507;2016-01-18;13.5857;STOP_C_P1;-0.2389;-0.2784;51;41;0.4537;13.5857;37.4526;51.7615;False;False;;0.1345;6.4832;14.3007;US;1.4116;0.1201;0.2081;15;49;74;37589329.72972973
DHI;A;2015-02-02;23.3201;2016-02-01;21.7349;TIMEOUT;-0.068;-0.0714;52;43;0.4193;6.8497;44.894;62.1969;False;False;;0.2584;6.8497;16.8979;US;1.43;0.1148;0.8406;16;84;74;33488101.35135135
EOG;A;2015-02-02;68.4975;2016-02-01;48.3574;TIMEOUT;-0.294;-0.3984;52;61;0.4602;29.0203;148.9962;204.5968;False;False;;0.06;29.0203;59.0345;US;1.399;0.026;0.7497;4;107;25;25221552.0
DHI;B;2015-02-02;23.3201;2016-02-01;21.7349;TIMEOUT;-0.068;-0.0714;52;43;0.4193;16.8979;44.894;62.1969;False;False;;0.2584;6.8497;16.8979;US;1.43;0.1148;0.8406;16;84;74;33488101.35135135
EOG;B;2015-02-02;68.4975;2015-07-13;59.0345;STOP_C;-0.1382;-0.159;23;61;0.4602;59.0345;148.9962;204.5968;False;False;;0.06;29.0203;59.0345;US;1.399;0.026;0.7497;4;107;25;25221552.0
DHI;C;2015-02-02;23.3201;2016-01-11;23.3201;STOP_C_P2;0.0;-0.0593;49;43;0.4193;23.3201;44.894;62.1969;False;False;;0.2584;6.8497;16.8979;US;1.43;0.1148;0.8406;16;84;74;33488101.35135135
EOG;C;2015-02-02;68.4975;2015-07-20;56.0828;STOP_C_P1;-0.1812;-0.2181;24;61;0.4602;56.0828;148.9962;204.5968;False;False;;0.06;29.0203;59.0345;US;1.399;0.026;0.7497;4;107;25;25221552.0
APAM.AS;A;2015-02-09;16.506;2016-02-08;15.4843;TIMEOUT;-0.0619;-0.2592;52;52;0.3372;4.4221;29.7027;40.787;False;False;;0.3976;4.4221;11.7683;AS;2.2569;0.2529;0.9628;4;63;17;3495971.8235294116
APAM.AS;B;2015-02-09;16.506;2016-02-08;15.4843;TIMEOUT;-0.0619;-0.2592;52;52;0.3372;11.7683;29.7027;40.787;False;False;;0.3976;4.4221;11.7683;AS;2.2569;0.2529;0.9628;4;63;17;3495971.8235294116
APAM.AS;C;2015-02-09;16.506;2015-03-30;20.3003;STOP_C_P3;0.2299;-0.0186;7;52;0.3372;20.3003;29.7027;40.787;False;False;;0.3976;4.4221;11.7683;AS;2.2569;0.2529;0.9628;4;63;17;3495971.8235294116
MGM;A;2015-02-16;21.3743;2016-02-15;17.0579;TIMEOUT;-0.2019;-0.285;52;65;0.5773;8.34;46.7349;65.5496;False;False;;0.0787;8.34;16.2928;US;1.4093;0.0613;0.9687;9;83;41;44218312.19512195
MGM;B;2015-02-16;21.3743;2015-07-27;16.2928;STOP_C;-0.2377;-0.2559;23;65;0.5773;16.2928;46.7349;65.5496;False;False;;0.0274;8.34;16.2928;US;1.4093;0.0613;0.9687;9;83;41;44218312.19512195
MGM;C;2015-02-16;21.3743;2016-02-08;15.4782;STOP_C_P1;-0.2759;-0.285;51;65;0.5773;15.4782;46.7349;65.5496;False;False;;0.0787;8.34;16.2928;US;1.4093;0.0613;0.9687;9;83;41;44218312.19512195
STLD;A;2015-04-20;17.3252;2016-04-18;20.056;TIMEOUT;0.1576;-0.2836;52;58;0.5499;7.3754;33.1957;45.6808;False;False;;0.1797;7.3754;12.9948;US;1.3159;0.1188;0.8486;12;118;19;18301478.94736842
URI;A;2015-04-20;93.0328;2016-04-18;63.5461;TIMEOUT;-0.3169;-0.5664;52;41;0.4151;25.8767;222.9968;312.4773;False;False;;0.0951;25.8767;78.2172;US;1.5344;0.0902;0.5114;14;110;19;10913657.894736841
STLD;B;2015-04-20;17.3252;2016-01-11;12.9948;STOP_C;-0.2499;-0.2649;38;58;0.5499;12.9948;33.1957;45.6808;False;False;;0.0599;7.3754;12.9948;US;1.3159;0.1188;0.8486;12;118;19;18301478.94736842
URI;B;2015-04-20;93.0328;2015-07-06;78.2172;STOP_C;-0.1593;-0.1836;11;41;0.4151;78.2172;222.9968;312.4773;False;False;;0.0951;25.8767;78.2172;US;1.5344;0.0902;0.5114;14;110;19;10913657.894736841
STLD;C;2015-04-20;17.3252;2016-04-18;20.056;TIMEOUT;0.1576;-0.2836;52;58;0.5499;17.3252;33.1957;45.6808;False;False;;0.1797;7.3754;12.9948;US;1.3159;0.1188;0.8486;12;118;19;18301478.94736842
URI;C;2015-04-20;93.0328;2015-07-20;74.3064;STOP_C_P1;-0.2013;-0.3537;13;41;0.4151;74.3064;222.9968;312.4773;False;False;;0.0951;25.8767;78.2172;US;1.5344;0.0902;0.5114;14;110;19;10913657.894736841
ROK;A;2015-04-27;97.4912;2016-04-25;93.5881;TIMEOUT;-0.04;-0.2651;52;50;0.3589;46.3119;171.3882;226.7544;False;False;;0.0535;46.3119;81.8056;US;2.4097;0.0995;0.8739;15;100;31;4356754.838709678
ROK;B;2015-04-27;97.4912;2015-09-21;81.8056;STOP_C;-0.1609;-0.1745;21;50;0.3589;81.8056;171.3882;226.7544;False;False;;0.0535;46.3119;81.8056;US;2.4097;0.0995;0.8739;15;100;31;4356754.838709678
ROK;C;2015-04-27;97.4912;2016-01-04;77.7154;STOP_C_P1;-0.2028;-0.2173;36;50;0.3589;77.7154;171.3882;226.7544;False;False;;0.0535;46.3119;81.8056;US;2.4097;0.0995;0.8739;15;100;31;4356754.838709678
EOG;A;2015-05-04;66.9787;2016-05-02;56.86;TIMEOUT;-0.1511;-0.3847;52;48;0.4602;29.0203;148.9962;204.5968;False;False;;0.0079;29.0203;59.0345;US;1.3623;0.1399;0.1208;17;107;25;25221552.0
TGS.OL;A;2015-05-04;115.3412;2016-05-02;84.9159;TIMEOUT;-0.2638;-0.4525;52;37;0.5442;51.4098;210.1064;286.6326;False;False;;0.1152;51.4098;86.2871;OL;1.3265;0.056;0.0158;20;78;89;2538310.8651685393
EOG;B;2015-05-04;66.9787;2015-07-13;59.0345;STOP_C;-0.1186;-0.1399;10;48;0.4602;59.0345;148.9962;204.5968;False;False;;0.0079;29.0203;59.0345;US;1.3623;0.1399;0.1208;17;107;25;25221552.0
TGS.OL;B;2015-05-04;115.3412;2015-12-14;86.2871;STOP_C;-0.2519;-0.2615;32;37;0.5442;86.2871;210.1064;286.6326;False;False;;0.1152;51.4098;86.2871;OL;1.3265;0.056;0.0158;20;78;89;2538310.8651685393
EOG;C;2015-05-04;66.9787;2015-07-20;56.0828;STOP_C_P1;-0.1627;-0.2003;11;48;0.4602;56.0828;148.9962;204.5968;False;False;;0.0079;29.0203;59.0345;US;1.3623;0.1399;0.1208;17;107;25;25221552.0
TGS.OL;C;2015-05-04;115.3412;2016-01-04;81.9727;STOP_C_P1;-0.2893;-0.4405;35;37;0.5442;81.9727;210.1064;286.6326;False;False;;0.1152;51.4098;86.2871;OL;1.3265;0.056;0.0158;20;78;89;2538310.8651685393
TRE.MC;A;2015-05-11;34.0879;2016-05-09;24.0984;TIMEOUT;-0.293;-0.4828;52;44;0.5019;16.4024;57.6891;77.1994;False;False;;0.1348;16.4024;26.1213;MC;1.3419;0.1883;0.5289;21;135;25;2120808.88
TRE.MC;B;2015-05-11;34.0879;2016-01-04;26.1213;STOP_C;-0.2337;-0.2515;34;44;0.5019;26.1213;57.6891;77.1994;False;False;;0.1348;16.4024;26.1213;MC;1.3419;0.1883;0.5289;21;135;25;2120808.88
TRE.MC;C;2015-05-11;34.0879;2016-01-18;24.8153;STOP_C_P1;-0.272;-0.309;36;44;0.5019;24.8153;57.6891;77.1994;False;False;;0.1348;16.4024;26.1213;MC;1.3419;0.1883;0.5289;21;135;25;2120808.88
EMR;A;2015-05-18;46.1498;2016-05-16;39.3257;TIMEOUT;-0.1479;-0.3191;52;51;0.4751;29.8702;74.1957;94.8808;False;False;;0.0;29.8702;40.7271;US;1.6638;0.0257;0.7104;10;77;62;18050325.80645161
EMR;B;2015-05-18;46.1498;2015-07-06;40.7271;STOP_C;-0.1175;-0.1309;7;51;0.4751;40.7271;74.1957;94.8808;False;False;;0.0;29.8702;40.7271;US;1.6638;0.0257;0.7104;10;77;62;18050325.80645161
EMR;C;2015-05-18;46.1498;2015-07-20;38.6908;STOP_C_P1;-0.1616;-0.1805;9;51;0.4751;38.6908;74.1957;94.8808;False;False;;0.0;29.8702;40.7271;US;1.6638;0.0257;0.7104;10;77;62;18050325.80645161
BNP.PA;A;2015-07-06;30.1766;2016-07-04;23.1438;TIMEOUT;-0.2331;-0.321;52;53;0.4478;12.0238;56.2085;76.5681;False;False;;0.1195;12.0238;23.2667;PA;1.3242;0.1861;0.8429;25;91;48;22787795.104166668
BNP.PA;B;2015-07-06;30.1766;2016-02-01;23.2667;STOP_C;-0.229;-0.2861;30;53;0.4478;23.2667;56.2085;76.5681;False;False;;0.1195;12.0238;23.2667;PA;1.3242;0.1861;0.8429;25;91;48;22787795.104166668
BNP.PA;C;2015-07-06;30.1766;2016-02-01;22.1034;STOP_C_P1;-0.2675;-0.2861;30;53;0.4478;22.1034;56.2085;76.5681;False;False;;0.1195;12.0238;23.2667;PA;1.3242;0.1861;0.8429;25;91;48;22787795.104166668
GOOG;A;2015-07-13;33.3524;2016-07-11;35.6779;TIMEOUT;0.0697;-0.1603;52;51;0.4264;15.7022;47.7824;62.42;False;False;;0.1738;15.7022;24.0988;US;2.308;0.1938;0.9892;26;67;46;200767334.82608697
GOOG;B;2015-07-13;33.3524;2016-07-11;35.6779;TIMEOUT;0.0697;-0.1603;52;51;0.4264;24.0988;47.7824;62.42;False;False;;0.1738;15.7022;24.0988;US;2.308;0.1938;0.9892;26;67;46;200767334.82608697
GOOG;C;2015-07-13;33.3524;2016-02-08;34.4505;STOP_C_P3;0.0329;-0.1603;30;51;0.4264;34.4505;47.7824;62.42;False;False;;0.1738;15.7022;24.0988;US;2.308;0.1938;0.9892;26;67;46;200767334.82608697
NUE;A;2015-07-27;34.2969;2016-07-25;43.1705;TIMEOUT;0.2587;-0.2173;52;42;0.5643;23.9784;65.712;86.0332;False;False;;0.3395;23.9784;32.8323;US;1.547;0.0488;0.5385;26;122;19;10868263.157894736
NUE;B;2015-07-27;34.2969;2015-08-24;32.8323;STOP_C;-0.0427;-0.0822;4;42;0.5643;32.8323;65.712;86.0332;False;False;;0.0648;23.9784;32.8323;US;1.547;0.0488;0.5385;26;122;19;10868263.157894736
NUE;C;2015-07-27;34.2969;2015-09-14;31.1907;STOP_C_P1;-0.0906;-0.0933;7;42;0.5643;31.1907;65.712;86.0332;False;False;;0.0648;23.9784;32.8323;US;1.547;0.0488;0.5385;26;122;19;10868263.157894736
AXP;A;2015-08-03;68.2337;2016-08-01;57.098;TIMEOUT;-0.1632;-0.3643;52;55;0.3692;33.7115;140.2487;187.6245;False;False;;0.0243;33.7115;63.5946;US;1.628;0.0167;0.915;1;143;56;26456571.42857143
BKNG;A;2015-08-03;51.5979;2016-08-01;55.3922;TIMEOUT;0.0735;-0.2758;52;22;0.3337;21.6763;95.5375;127.8723;False;False;;0.1208;21.6763;43.2199;US;1.4565;0.0788;0.5432;5;82;69;94606014.49275362
MGM;A;2015-08-03;20.9681;2016-08-01;23.0933;TIMEOUT;0.1014;-0.2712;52;64;0.5979;8.34;46.3477;65.1623;False;False;;0.1392;8.34;15.9056;US;1.843;0.2501;0.8282;1;83;73;48301561.64383562
AXP;B;2015-08-03;68.2337;2015-08-24;63.5946;STOP_C;-0.068;-0.1005;3;55;0.3692;63.5946;140.2487;187.6245;False;False;;0.0243;33.7115;63.5946;US;1.628;0.0167;0.915;1;143;56;26456571.42857143
BKNG;B;2015-08-03;51.5979;2016-01-11;43.2199;STOP_C;-0.1624;-0.1916;23;22;0.3337;43.2199;95.5375;127.8723;False;False;;0.1208;21.6763;43.2199;US;1.4565;0.0788;0.5432;5;82;69;94606014.49275362
MGM;B;2015-08-03;20.9681;2016-02-08;15.9056;STOP_C;-0.2414;-0.2712;27;64;0.5979;15.9056;46.3477;65.1623;False;False;;0.0995;8.34;15.9056;US;1.843;0.2501;0.8282;1;83;73;48301561.64383562
AXP;C;2015-08-03;68.2337;2015-11-16;60.4149;STOP_C_P1;-0.1146;-0.116;15;55;0.3692;60.4149;140.2487;187.6245;False;False;;0.0243;33.7115;63.5946;US;1.628;0.0167;0.915;1;143;56;26456571.42857143
BKNG;C;2015-08-03;51.5979;2016-01-18;41.0589;STOP_C_P1;-0.2043;-0.2111;24;22;0.3337;41.0589;95.5375;127.8723;False;False;;0.1208;21.6763;43.2199;US;1.4565;0.0788;0.5432;5;82;69;94606014.49275362
MGM;C;2015-08-03;20.9681;2016-08-01;23.0933;TIMEOUT;0.1014;-0.2712;52;64;0.5979;15.1103;46.3477;65.1623;False;False;;0.1392;8.34;15.9056;US;1.843;0.2501;0.8282;1;83;73;48301561.64383562
CNP;A;2015-08-24;13.182;2016-08-22;16.4603;TIMEOUT;0.2487;-0.1349;52;51;0.7318;10.869;22.9327;29.3284;False;False;;0.3667;10.869;12.5845;US;1.4006;0.0465;0.8148;5;145;36;18310863.888888888
CNP;B;2015-08-24;13.182;2015-08-31;12.5845;STOP_C;-0.0453;-0.0712;1;51;0.7318;12.5845;22.9327;29.3284;False;False;;0.0;10.869;12.5845;US;1.4006;0.0465;0.8148;5;145;36;18310863.888888888
CNP;C;2015-08-24;13.182;2015-11-30;11.9552;STOP_C_P1;-0.0931;-0.1188;14;51;0.7318;11.9552;22.9327;29.3284;False;False;;0.0234;10.869;12.5845;US;1.4006;0.0465;0.8148;5;145;36;18310863.888888888
KIM;A;2015-10-12;15.4082;2016-10-10;17.3535;TIMEOUT;0.1263;-0.0333;52;61;0.5641;10.5732;22.7928;28.7421;False;False;;0.2813;10.5732;13.1667;US;1.7138;0.0311;0.7368;15;68;22;12814940.909090908
KIM;B;2015-10-12;15.4082;2016-10-10;17.3535;TIMEOUT;0.1263;-0.0333;52;61;0.5641;13.1667;22.7928;28.7421;False;False;;0.2813;10.5732;13.1667;US;1.7138;0.0311;0.7368;15;68;22;12814940.909090908
KIM;C;2015-10-12;15.4082;2016-09-12;17.3729;STOP_C_P3;0.1275;-0.0333;48;61;0.5641;17.3729;22.7928;28.7421;False;False;;0.2813;10.5732;13.1667;US;1.7138;0.0311;0.7368;15;68;22;12814940.909090908
CB;A;2015-10-19;94.818;2016-10-17;102.9483;TIMEOUT;0.0857;-0.0645;52;41;0.3123;42.5687;163.8972;216.5183;False;False;;0.1604;42.5687;78.7561;US;1.7706;0.0501;0.859;8;169;34;8662764.705882354
LRCX;A;2015-10-19;6.4379;2016-10-17;8.5529;TIMEOUT;0.3285;-0.1505;52;78;0.4342;2.6444;12.8312;17.496;False;False;;0.3943;2.6444;5.2836;US;3.8708;0.0114;0.7431;4;114;42;99218285.71428572
URI;A;2015-10-19;71.1993;2016-10-17;76.2245;TIMEOUT;0.0706;-0.4335;52;62;0.6796;25.8767;199.3246;288.8052;False;False;;0.1443;25.8767;54.5451;US;1.4873;0.0603;0.8289;8;110;51;11372686.274509804
CB;B;2015-10-19;94.818;2016-10-17;102.9483;TIMEOUT;0.0857;-0.0645;52;41;0.3123;78.7561;163.8972;216.5183;False;False;;0.1604;42.5687;78.7561;US;1.7706;0.0501;0.859;8;169;34;8662764.705882354
LRCX;B;2015-10-19;6.4379;2016-10-17;8.5529;TIMEOUT;0.3285;-0.1505;52;78;0.4342;5.2836;12.8312;17.496;False;False;;0.3943;2.6444;5.2836;US;3.8708;0.0114;0.7431;4;114;42;99218285.71428572
URI;B;2015-10-19;71.1993;2016-01-11;54.5451;STOP_C;-0.2339;-0.2751;12;62;0.6796;54.5451;199.3246;288.8052;False;False;;0.0841;25.8767;54.5451;US;1.4873;0.0603;0.8289;8;110;51;11372686.274509804
CB;C;2015-10-19;94.818;2016-10-17;102.9483;TIMEOUT;0.0857;-0.0645;52;41;0.3123;94.818;163.8972;216.5183;False;False;;0.1604;42.5687;78.7561;US;1.7706;0.0501;0.859;8;169;34;8662764.705882354
LRCX;C;2015-10-19;6.4379;2016-10-17;8.5529;TIMEOUT;0.3285;-0.1505;52;78;0.4342;6.4379;12.8312;17.496;False;False;;0.3943;2.6444;5.2836;US;3.8708;0.0114;0.7431;4;114;42;99218285.71428572
URI;C;2015-10-19;71.1993;2016-01-11;51.8179;STOP_C_P1;-0.2722;-0.2751;12;62;0.6796;51.8179;199.3246;288.8052;False;False;;0.0841;25.8767;54.5451;US;1.4873;0.0603;0.8289;8;110;51;11372686.274509804
AZN;A;2015-11-16;49.5948;2016-11-14;41.2875;TIMEOUT;-0.1675;-0.183;52;52;0.4346;24.6334;95.2885;127.6487;False;False;;0.0627;24.6334;42.9298;US;1.5203;0.0795;0.8821;12;99;69;10350780.43478261
AZN;B;2015-11-16;49.5948;2016-02-08;42.9298;STOP_C;-0.1344;-0.1699;12;52;0.4346;42.9298;95.2885;127.6487;False;False;;0.0235;24.6334;42.9298;US;1.5203;0.0795;0.8821;12;99;69;10350780.43478261
AZN;C;2015-11-16;49.5948;2016-06-13;40.7833;STOP_C_P1;-0.1777;-0.183;30;52;0.4346;40.7833;95.2885;127.6487;False;False;;0.0235;24.6334;42.9298;US;1.5203;0.0795;0.8821;12;99;69;10350780.43478261
FANG;A;2015-12-14;50.3015;2016-12-12;77.5126;TIMEOUT;0.541;-0.1614;52;21;0.7483;39.2999;87.8165;113.7656;False;False;;0.7115;39.2999;45.8309;US;1.3126;0.0827;0.0343;16;18;18;6125927.777777778
FANG;B;2015-12-14;50.3015;2016-01-04;45.8309;STOP_C;-0.0889;-0.1114;3;21;0.7483;45.8309;87.8165;113.7656;False;False;;0.0346;39.2999;45.8309;US;1.3126;0.0827;0.0343;16;18;18;6125927.777777778
FANG;C;2015-12-14;50.3015;2016-01-11;43.5394;STOP_C_P1;-0.1344;-0.1614;4;21;0.7483;43.5394;87.8165;113.7656;False;False;;0.0346;39.2999;45.8309;US;1.3126;0.0827;0.0343;16;18;18;6125927.777777778
LRCX;A;2016-01-25;6.2219;2017-01-23;10.4055;TIMEOUT;0.6724;-0.121;52;60;0.4342;2.6444;12.8312;17.496;False;False;;0.6851;2.6444;5.2836;US;1.5011;0.0236;0.8733;18;114;42;99218285.71428572
LRCX;B;2016-01-25;6.2219;2017-01-23;10.4055;TIMEOUT;0.6724;-0.121;52;60;0.4342;5.2836;12.8312;17.496;False;False;;0.6851;2.6444;5.2836;US;1.5011;0.0236;0.8733;18;114;42;99218285.71428572
LRCX;C;2016-01-25;6.2219;2017-01-23;10.4055;TIMEOUT;0.6724;-0.121;52;60;0.4342;9.2265;12.8312;17.496;False;False;;0.6851;2.6444;5.2836;US;1.5011;0.0236;0.8733;18;114;42;99218285.71428572
TJX;A;2016-02-22;32.6691;2017-02-20;34.2574;TIMEOUT;0.0486;-0.0468;52;63;0.5127;21.9613;45.2603;56.3273;False;False;;0.113;21.9613;27.354;US;1.6717;0.1243;0.9535;14;57;13;34401815.384615384
TJX;B;2016-02-22;32.6691;2017-02-20;34.2574;TIMEOUT;0.0486;-0.0468;52;63;0.5127;27.354;45.2603;56.3273;False;False;;0.113;21.9613;27.354;US;1.6717;0.1243;0.9535;14;57;13;34401815.384615384
TJX;C;2016-02-22;32.6691;2017-02-20;34.2574;TIMEOUT;0.0486;-0.0468;52;63;0.5127;25.9863;45.2603;56.3273;False;False;;0.113;21.9613;27.354;US;1.6717;0.1243;0.9535;14;57;13;34401815.384615384
APH;A;2016-02-29;12.7416;2017-02-27;16.1282;TIMEOUT;0.2658;-0.0212;52;51;0.3871;4.4929;24.8615;33.9915;False;False;;0.2753;4.4929;10.089;US;1.5202;0.042;0.8995;6;169;44;24530000.0
BRK-B;A;2016-02-29;137.97;2017-02-27;175.68;TIMEOUT;0.2733;-0.0096;52;46;0.3355;65.35;265.2706;352.8606;False;False;;0.2891;65.35;123.55;US;1.4179;0.0339;0.9824;4;168;60;18154816.666666668
IP;A;2016-02-29;23.2983;2017-02-27;33.7798;TIMEOUT;0.4499;-0.0248;52;67;0.632;11.0409;55.6266;78.0762;False;False;;0.5665;11.0409;19.3032;US;1.3709;0.0755;0.8903;5;177;48;16509735.145833334
STLD;A;2016-02-29;16.0171;2017-02-27;29.937;TIMEOUT_T1;0.8691;-0.0192;52;58;0.5966;7.3754;32.6127;45.0978;True;False;40;1.0685;7.3754;12.4118;US;1.4238;0.1114;0.6354;6;118;70;16250824.285714285
APH;B;2016-02-29;12.7416;2017-02-27;16.1282;TIMEOUT;0.2658;-0.0212;52;51;0.3871;10.089;24.8615;33.9915;False;False;;0.2753;4.4929;10.089;US;1.5202;0.042;0.8995;6;169;44;24530000.0
BRK-B;B;2016-02-29;137.97;2017-02-27;175.68;TIMEOUT;0.2733;-0.0096;52;46;0.3355;123.55;265.2706;352.8606;False;False;;0.2891;65.35;123.55;US;1.4179;0.0339;0.9824;4;168;60;18154816.666666668
IP;B;2016-02-29;23.2983;2017-02-27;33.7798;TIMEOUT;0.4499;-0.0248;52;67;0.632;19.3032;55.6266;78.0762;False;False;;0.5665;11.0409;19.3032;US;1.3709;0.0755;0.8903;5;177;48;16509735.145833334
STLD;B;2016-02-29;16.0171;2017-02-27;29.937;TIMEOUT_T1;0.8691;-0.0192;52;58;0.5966;12.4118;32.6127;45.0978;True;False;40;1.0685;7.3754;12.4118;US;1.4238;0.1114;0.6354;6;118;70;16250824.285714285
APH;C;2016-02-29;12.7416;2017-02-27;16.1282;TIMEOUT;0.2658;-0.0212;52;51;0.3871;12.7416;24.8615;33.9915;False;False;;0.2753;4.4929;10.089;US;1.5202;0.042;0.8995;6;169;44;24530000.0
BRK-B;C;2016-02-29;137.97;2017-02-27;175.68;TIMEOUT;0.2733;-0.0096;52;46;0.3355;137.97;265.2706;352.8606;False;False;;0.2891;65.35;123.55;US;1.4179;0.0339;0.9824;4;168;60;18154816.666666668
IP;C;2016-02-29;23.2983;2017-02-27;33.7798;TIMEOUT;0.4499;-0.0248;52;67;0.632;23.2983;55.6266;78.0762;False;False;;0.5665;11.0409;19.3032;US;1.3709;0.0755;0.8903;5;177;48;16509735.145833334
STLD;C;2016-02-29;16.0171;2017-01-23;29.1556;STOP_C_P3;0.8203;-0.0192;47;58;0.5966;29.1556;32.6127;45.0978;True;False;40;1.0685;7.3754;12.4118;US;1.4238;0.1114;0.6354;6;118;70;16250824.285714285
DNB.OL;A;2016-03-07;57.8241;2017-03-06;79.2864;TIMEOUT;0.3712;-0.1231;52;67;0.5634;26.5873;131.0357;181.8722;False;False;;0.4171;26.5873;48.7824;OL;1.568;0.013;0.9859;7;150;39;12236018.846153846
HUSQ-B.ST;A;2016-03-07;41.7074;2017-03-06;57.95;TIMEOUT;0.3894;0.0;52;61;0.4404;19.4716;83.0829;112.2946;False;False;;0.4192;19.4716;35.8185;ST;1.3476;0.0392;0.7843;7;139;49;7309667.9387755105
DNB.OL;B;2016-03-07;57.8241;2017-03-06;79.2864;TIMEOUT;0.3712;-0.1231;52;67;0.5634;48.7824;131.0357;181.8722;False;False;;0.4171;26.5873;48.7824;OL;1.568;0.013;0.9859;7;150;39;12236018.846153846
HUSQ-B.ST;B;2016-03-07;41.7074;2017-03-06;57.95;TIMEOUT;0.3894;0.0;52;61;0.4404;35.8185;83.0829;112.2946;False;False;;0.4192;19.4716;35.8185;ST;1.3476;0.0392;0.7843;7;139;49;7309667.9387755105
DNB.OL;C;2016-03-07;57.8241;2017-03-06;79.2864;TIMEOUT;0.3712;-0.1231;52;67;0.5634;57.8241;131.0357;181.8722;False;False;;0.4171;26.5873;48.7824;OL;1.568;0.013;0.9859;7;150;39;12236018.846153846
HUSQ-B.ST;C;2016-03-07;41.7074;2017-03-06;57.95;TIMEOUT;0.3894;0.0;52;61;0.4404;41.7074;83.0829;112.2946;False;False;;0.4192;19.4716;35.8185;ST;1.3476;0.0392;0.7843;7;139;49;7309667.9387755105
ATCO-A.ST;A;2016-04-18;32.9448;2017-04-17;48.5816;TIMEOUT;0.4746;-0.0982;52;61;0.6297;14.2807;73.6128;103.4533;False;False;;0.504;14.2807;25.3307;ST;1.3926;0.1154;0.8792;11;186;40;64520848.5
URI;A;2016-04-18;63.5461;2017-04-17;107.2996;TIMEOUT;0.6885;-0.1088;52;47;0.7124;25.8767;196.3885;285.869;False;False;;1.0342;25.8767;51.6089;US;1.7236;0.0221;0.995;14;110;71;11023476.056338029
ATCO-A.ST;B;2016-04-18;32.9448;2017-04-17;48.5816;TIMEOUT;0.4746;-0.0982;52;61;0.6297;25.3307;73.6128;103.4533;False;False;;0.504;14.2807;25.3307;ST;1.3926;0.1154;0.8792;11;186;40;64520848.5
URI;B;2016-04-18;63.5461;2017-04-17;107.2996;TIMEOUT;0.6885;-0.1088;52;47;0.7124;51.6089;196.3885;285.869;False;False;;1.0342;25.8767;51.6089;US;1.7236;0.0221;0.995;14;110;71;11023476.056338029
ATCO-A.ST;C;2016-04-18;32.9448;2017-04-17;48.5816;TIMEOUT;0.4746;-0.0982;52;61;0.6297;32.9448;73.6128;103.4533;False;False;;0.504;14.2807;25.3307;ST;1.3926;0.1154;0.8792;11;186;40;64520848.5
URI;C;2016-04-18;63.5461;2016-06-13;63.5461;STOP_C_P2;0.0;-0.1088;8;47;0.7124;63.5461;196.3885;285.869;False;False;;0.1519;25.8767;51.6089;US;1.7236;0.0221;0.995;14;110;71;11023476.056338029
CRH;A;2016-05-02;22.1931;2017-05-01;29.6492;TIMEOUT;0.336;-0.1047;52;56;0.6709;14.8076;31.5237;40.1087;False;False;;0.3459;14.8076;17.6332;US;1.7923;0.2518;0.6562;12;44;25;1822372.0
CRH;B;2016-05-02;22.1931;2017-05-01;29.6492;TIMEOUT;0.336;-0.1047;52;56;0.6709;17.6332;31.5237;40.1087;False;False;;0.3459;14.8076;17.6332;US;1.7923;0.2518;0.6562;12;44;25;1822372.0
CRH;C;2016-05-02;22.1931;2017-05-01;29.6492;TIMEOUT;0.336;-0.1047;52;56;0.6709;26.2847;31.5237;40.1087;False;False;;0.3459;14.8076;17.6332;US;1.7923;0.2518;0.6562;12;44;25;1822372.0
AMG.AS;A;2016-05-09;9.177;2016-08-22;14.9312;TARGET_2;0.627;-0.0079;15;56;0.5867;4.5846;11.5179;14.9312;True;True;12;0.7445;4.5846;5.9953;AS;1.7465;0.2353;0.9849;13;27;43;501704.79069767444
AMG.AS;B;2016-05-09;9.177;2016-08-22;14.9312;TARGET_2;0.627;-0.0079;15;56;0.5867;5.9953;11.5179;14.9312;True;True;12;0.7445;4.5846;5.9953;AS;1.7465;0.2353;0.9849;13;27;43;501704.79069767444
AMG.AS;C;2016-05-09;9.177;2016-06-20;10.0014;STOP_C_P3;0.0898;-0.0079;6;56;0.5867;10.0014;11.5179;14.9312;False;False;;0.2384;4.5846;5.9953;AS;1.7465;0.2353;0.9849;13;27;43;501704.79069767444
LRCX;A;2016-05-23;7.22;2017-05-22;13.703;TIMEOUT_T1;0.8979;-0.0426;52;45;0.3945;2.6444;13.0163;17.6811;True;False;48;0.9018;2.6444;5.4687;US;1.4055;0.0394;0.942;15;114;62;109880870.96774194
LRCX;B;2016-05-23;7.22;2017-05-22;13.703;TIMEOUT_T1;0.8979;-0.0426;52;45;0.3945;5.4687;13.0163;17.6811;True;False;48;0.9018;2.6444;5.4687;US;1.4055;0.0394;0.942;15;114;62;109880870.96774194
LRCX;C;2016-05-23;7.22;2017-05-22;13.703;TIMEOUT_T1;0.8979;-0.0426;52;45;0.3945;12.0836;13.0163;17.6811;True;False;48;0.9018;2.6444;5.4687;US;1.4055;0.0394;0.942;15;114;62;109880870.96774194
ITW;A;2016-06-13;83.4555;2017-06-12;119.2528;TIMEOUT;0.4289;-0.0694;52;30;0.3601;35.4469;128.5643;169.8043;False;False;;0.4379;35.4469;61.8381;US;1.3165;0.1701;0.7212;21;144;40;8532515.0
ITW;B;2016-06-13;83.4555;2017-06-12;119.2528;TIMEOUT;0.4289;-0.0694;52;30;0.3601;61.8381;128.5643;169.8043;False;False;;0.4379;35.4469;61.8381;US;1.3165;0.1701;0.7212;21;144;40;8532515.0
ITW;C;2016-06-13;83.4555;2017-06-12;119.2528;TIMEOUT;0.4289;-0.0694;52;30;0.3601;105.5991;128.5643;169.8043;False;False;;0.4379;35.4469;61.8381;US;1.3165;0.1701;0.7212;21;144;40;8532515.0
MS;A;2016-06-27;19.4299;2017-06-26;34.1425;TIMEOUT;0.7572;-0.0521;52;50;0.6709;8.7199;50.4642;71.9035;False;False;;0.858;8.7199;15.7754;US;1.3069;0.0271;0.8541;20;163;29;67017955.172413796
MS;B;2016-06-27;19.4299;2017-06-26;34.1425;TIMEOUT;0.7572;-0.0521;52;50;0.6709;15.7754;50.4642;71.9035;False;False;;0.858;8.7199;15.7754;US;1.3069;0.0271;0.8541;20;163;29;67017955.172413796
MS;C;2016-06-27;19.4299;2017-06-26;34.1425;TIMEOUT;0.7572;-0.0521;52;50;0.6709;19.4299;50.4642;71.9035;False;False;;0.858;8.7199;15.7754;US;1.3069;0.0271;0.8541;20;163;29;67017955.172413796
WY;A;2016-07-04;20.8516;2017-07-03;22.611;TIMEOUT;0.0844;-0.0496;52;60;0.5983;8.6242;39.0711;54.1459;False;False;;0.1914;8.6242;14.68;US;1.379;0.0183;0.8394;21;171;56;19436439.285714287
WY;B;2016-07-04;20.8516;2017-07-03;22.611;TIMEOUT;0.0844;-0.0496;52;60;0.5983;14.68;39.0711;54.1459;False;False;;0.1914;8.6242;14.68;US;1.379;0.0183;0.8394;21;171;56;19436439.285714287
WY;C;2016-07-04;20.8516;2017-07-03;22.611;TIMEOUT;0.0844;-0.0496;52;60;0.5983;20.8516;39.0711;54.1459;False;False;;0.1914;8.6242;14.68;US;1.379;0.0183;0.8394;21;171;56;19436439.285714287
AZN;A;2016-07-25;51.2897;2017-07-24;47.6116;TIMEOUT;-0.0717;-0.2416;52;64;0.4975;25.1823;92.6395;124.4508;False;False;;0.0917;25.1823;41.1689;US;2.898;0.0886;0.9417;24;136;93;9913212.903225806
AZN.ST;A;2016-07-25;543.5667;2017-07-24;471.7845;TIMEOUT;-0.1321;-0.1883;52;38;0.3902;259.2367;1018.3487;1359.0963;False;False;;0.1214;259.2367;467.0191;ST;1.4187;0.0238;0.8621;25;188;41;2210867.024390244
AZN;B;2016-07-25;51.2897;2016-11-14;41.1689;STOP_C;-0.1973;-0.1986;16;64;0.4975;41.1689;92.6395;124.4508;False;False;;0.0276;25.1823;41.1689;US;2.898;0.0886;0.9417;24;136;93;9913212.903225806
AZN.ST;B;2016-07-25;543.5667;2016-11-21;467.0191;STOP_C;-0.1408;-0.1609;17;38;0.3902;467.0191;1018.3487;1359.0963;False;False;;0.0724;259.2367;467.0191;ST;1.4187;0.0238;0.8621;25;188;41;2210867.024390244
AZN;C;2016-07-25;51.2897;2016-12-05;39.1105;STOP_C_P1;-0.2375;-0.2416;19;64;0.4975;39.1105;92.6395;124.4508;False;False;;0.0276;25.1823;41.1689;US;2.898;0.0886;0.9417;24;136;93;9913212.903225806
AZN.ST;C;2016-07-25;543.5667;2016-12-05;443.6681;STOP_C_P1;-0.1838;-0.1867;19;38;0.3902;443.6681;1018.3487;1359.0963;False;False;;0.0724;259.2367;467.0191;ST;1.4187;0.0238;0.8621;25;188;41;2210867.024390244
INGA.AS;A;2016-08-01;5.9669;2017-07-31;9.4927;TIMEOUT;0.5909;0.0;52;63;0.6899;2.9381;13.8711;19.5414;False;False;;0.6213;2.9381;4.6965;AS;1.4155;0.128;0.84;6;123;46;92589428.89130434
INGA.AS;B;2016-08-01;5.9669;2017-07-31;9.4927;TIMEOUT;0.5909;0.0;52;63;0.6899;4.6965;13.8711;19.5414;False;False;;0.6213;2.9381;4.6965;AS;1.4155;0.128;0.84;6;123;46;92589428.89130434
INGA.AS;C;2016-08-01;5.9669;2017-07-31;9.4927;TIMEOUT;0.5909;0.0;52;63;0.6899;5.9669;13.8711;19.5414;False;False;;0.6213;2.9381;4.6965;AS;1.4155;0.128;0.84;6;123;46;92589428.89130434
COR;A;2016-09-12;62.8202;2017-09-11;62.019;TIMEOUT;-0.0128;-0.187;52;51;0.527;24.1481;158.1951;222.3032;False;False;;0.1784;24.1481;54.4681;US;1.4997;0.1047;0.2663;18;186;54;11265277.777777778
COR;B;2016-09-12;62.8202;2016-10-24;54.4681;STOP_C;-0.133;-0.187;6;51;0.527;54.4681;158.1951;222.3032;False;False;;0.0101;24.1481;54.4681;US;1.4997;0.1047;0.2663;18;186;54;11265277.777777778
COR;C;2016-09-12;62.8202;2016-10-24;51.7447;STOP_C_P1;-0.1763;-0.187;6;51;0.527;51.7447;158.1951;222.3032;False;False;;0.0101;24.1481;54.4681;US;1.4997;0.1047;0.2663;18;186;54;11265277.777777778
DNB.OL;A;2016-10-03;62.9993;2017-10-02;93.9517;TIMEOUT;0.4913;-0.0655;52;41;0.3848;26.5873;116.4729;156.7222;False;False;;0.5381;26.5873;51.3495;OL;1.4079;0.0444;0.8228;9;129;88;14363358.295454545
DNB.OL;B;2016-10-03;62.9993;2017-10-02;93.9517;TIMEOUT;0.4913;-0.0655;52;41;0.3848;51.3495;116.4729;156.7222;False;False;;0.5381;26.5873;51.3495;OL;1.4079;0.0444;0.8228;9;129;88;14363358.295454545
DNB.OL;C;2016-10-03;62.9993;2016-12-05;62.9993;STOP_C_P2;0.0;-0.0655;9;41;0.3848;62.9993;116.4729;156.7222;False;False;;0.228;26.5873;51.3495;OL;1.4079;0.0444;0.8228;9;129;88;14363358.295454545
BA;A;2016-10-24;131.5803;2017-07-24;211.8271;TARGET_2;0.6099;-0.0294;39;31;0.7351;101.5093;173.561;211.8271;True;True;18;0.7379;101.5093;111.6463;US;1.6539;0.019;0.6721;17;54;71;21034021.126760565
ODFL;A;2016-10-24;24.0417;2017-10-23;39.7073;TIMEOUT;0.6516;-0.0296;52;49;0.4469;8.3484;46.7642;64.4582;False;False;;0.6555;8.3484;18.1351;US;1.516;0.1986;0.7128;17;122;82;10114017.07317073
BA;B;2016-10-24;131.5803;2017-07-24;211.8271;TARGET_2;0.6099;-0.0294;39;31;0.7351;111.6463;173.561;211.8271;True;True;18;0.7379;101.5093;111.6463;US;1.6539;0.019;0.6721;17;54;71;21034021.126760565
ODFL;B;2016-10-24;24.0417;2017-10-23;39.7073;TIMEOUT;0.6516;-0.0296;52;49;0.4469;18.1351;46.7642;64.4582;False;False;;0.6555;8.3484;18.1351;US;1.516;0.1986;0.7128;17;122;82;10114017.07317073
BA;C;2016-10-24;131.5803;2017-07-24;211.8271;TARGET_2;0.6099;-0.0294;39;31;0.7351;201.2312;173.561;211.8271;True;True;18;0.7379;101.5093;111.6463;US;1.6539;0.019;0.6721;17;54;71;21034021.126760565
ODFL;C;2016-10-24;24.0417;2017-10-23;39.7073;TIMEOUT;0.6516;-0.0296;52;49;0.4469;35.0242;46.7642;64.4582;False;False;;0.6555;8.3484;18.1351;US;1.516;0.1986;0.7128;17;122;82;10114017.07317073
ADM;A;2016-10-31;35.1634;2017-10-30;30.7116;TIMEOUT;-0.1266;-0.1295;52;32;0.4021;16.8892;61.9106;82.2284;False;False;;0.0258;16.8892;29.0363;US;1.3982;0.1209;0.7803;18;111;93;19292775.268817205
ADM;B;2016-10-31;35.1634;2017-10-30;30.7116;TIMEOUT;-0.1266;-0.1295;52;32;0.4021;29.0363;61.9106;82.2284;False;False;;0.0258;16.8892;29.0363;US;1.3982;0.1209;0.7803;18;111;93;19292775.268817205
ADM;C;2016-10-31;35.1634;2017-10-30;30.7116;TIMEOUT;-0.1266;-0.1295;52;32;0.4021;27.5845;61.9106;82.2284;False;False;;0.0258;16.8892;29.0363;US;1.3982;0.1209;0.7803;18;111;93;19292775.268817205
AIG;A;2016-11-07;49.5249;2017-11-06;49.5378;TIMEOUT;0.0003;-0.0717;52;60;0.4447;22.9292;80.5771;107.1033;False;False;;0.079;22.9292;37.6578;US;1.3203;0.1462;0.9701;19;140;49;41160197.95918367
C;A;2016-11-07;39.2356;2017-11-06;54.4385;TIMEOUT;0.3875;0.0;52;60;0.6173;18.0154;71.5479;98.3046;False;False;;0.4559;18.0154;28.2557;US;1.8582;0.3013;0.7345;19;163;49;102272083.6734694
CS.PA;A;2016-11-07;12.7381;2017-11-06;15.1834;TIMEOUT;0.192;-0.0312;52;55;0.4402;4.127;26.0712;36.1475;False;False;;0.2454;4.127;9.7678;PA;1.7452;0.045;0.8762;20;182;29;35624426.93103448
ELV;A;2016-11-07;116.9854;2017-11-06;194.0117;TIMEOUT;0.6584;-0.0077;52;48;0.3905;42.5297;278.134;383.9042;False;False;;0.6773;42.5297;106.9979;US;1.4809;0.0135;0.9198;19;152;53;9489809.433962265
GOOG;A;2016-11-07;37.3715;2017-11-06;50.9543;TIMEOUT_T1;0.3635;-0.0351;52;38;0.5631;28.0056;50.9033;62.0461;True;False;50;0.3904;28.0056;32.8744;US;1.3643;0.0513;0.0804;19;23;21;186699428.57142857
GOOGL;A;2016-11-07;38.2483;2017-11-06;51.7486;TIMEOUT_T1;0.353;-0.0365;52;41;0.6338;29.3939;50.7593;61.5268;True;False;50;0.3782;29.3939;33.3374;US;1.6766;0.0432;0.123;19;23;21;195185142.85714287
GS;A;2016-11-07;166.6501;2017-11-06;198.7028;TIMEOUT;0.1923;0.0;52;67;0.5944;69.5773;283.6646;389.4581;False;False;;0.2583;69.5773;112.4906;US;1.8201;0.3559;0.9601;19;156;53;17276501.88679245
INGA.AS;A;2016-11-07;7.4441;2017-11-06;9.4353;TIMEOUT;0.2675;-0.0362;52;54;0.6792;2.9381;13.9316;19.6019;False;False;;0.3101;2.9381;4.7571;AS;1.4119;0.4238;0.6753;18;123;48;94800687.45833333
MTB;A;2016-11-07;102.8861;2017-11-06;121.1343;TIMEOUT;0.1774;-0.0101;52;37;0.3181;44.5416;168.3471;222.1772;False;False;;0.2894;44.5416;81.2499;US;1.7754;0.194;0.9879;19;191;49;5116624.489795919
NSC;A;2016-11-07;83.0126;2017-11-06;106.7603;TIMEOUT;0.2861;-0.0;52;50;0.5464;41.3382;144.4645;194.2451;False;False;;0.3544;41.3382;63.9195;US;1.5608;0.2435;0.9678;19;106;83;10231230.120481927
NTRS;A;2016-11-07;61.2617;2017-11-06;72.2461;TIMEOUT;0.1793;0.0;52;35;0.3524;23.9289;103.8603;139.1414;False;False;;0.2599;23.9289;46.7753;US;1.518;0.1707;0.9817;19;191;49;6890326.530612245
PRU;A;2016-11-07;62.7196;2017-11-06;72.9541;TIMEOUT;0.1632;-0.0133;52;55;0.4982;27.7009;88.9802;117.8883;False;False;;0.202;27.7009;42.2069;US;2.048;0.1798;0.9626;19;96;93;12939604.301075269
RJF;A;2016-11-07;39.1445;2017-11-06;48.8277;TIMEOUT;0.2474;0.0;52;46;0.3976;13.9504;60.79;81.885;False;False;;0.3022;13.9504;26.6582;US;1.3719;0.2387;0.8954;18;191;50;7292676.0
URI;A;2016-11-07;87.7958;2017-11-06;140.8488;TIMEOUT;0.6043;-0.0047;52;54;0.6245;25.8767;204.2535;293.734;False;False;;0.6387;25.8767;59.474;US;1.93;0.1891;0.9138;19;110;95;10895882.105263159
AIG;B;2016-11-07;49.5249;2017-11-06;49.5378;TIMEOUT;0.0003;-0.0717;52;60;0.4447;37.6578;80.5771;107.1033;False;False;;0.079;22.9292;37.6578;US;1.3203;0.1462;0.9701;19;140;49;41160197.95918367
C;B;2016-11-07;39.2356;2017-11-06;54.4385;TIMEOUT;0.3875;0.0;52;60;0.6173;28.2557;71.5479;98.3046;False;False;;0.4559;18.0154;28.2557;US;1.8582;0.3013;0.7345;19;163;49;102272083.6734694
CS.PA;B;2016-11-07;12.7381;2017-11-06;15.1834;TIMEOUT;0.192;-0.0312;52;55;0.4402;9.7678;26.0712;36.1475;False;False;;0.2454;4.127;9.7678;PA;1.7452;0.045;0.8762;20;182;29;35624426.93103448
ELV;B;2016-11-07;116.9854;2017-11-06;194.0117;TIMEOUT;0.6584;-0.0077;52;48;0.3905;106.9979;278.134;383.9042;False;False;;0.6773;42.5297;106.9979;US;1.4809;0.0135;0.9198;19;152;53;9489809.433962265
GOOG;B;2016-11-07;37.3715;2017-11-06;50.9543;TIMEOUT_T1;0.3635;-0.0351;52;38;0.5631;32.8744;50.9033;62.0461;True;False;50;0.3904;28.0056;32.8744;US;1.3643;0.0513;0.0804;19;23;21;186699428.57142857
GOOGL;B;2016-11-07;38.2483;2017-11-06;51.7486;TIMEOUT_T1;0.353;-0.0365;52;41;0.6338;33.3374;50.7593;61.5268;True;False;50;0.3782;29.3939;33.3374;US;1.6766;0.0432;0.123;19;23;21;195185142.85714287
GS;B;2016-11-07;166.6501;2017-11-06;198.7028;TIMEOUT;0.1923;0.0;52;67;0.5944;112.4906;283.6646;389.4581;False;False;;0.2583;69.5773;112.4906;US;1.8201;0.3559;0.9601;19;156;53;17276501.88679245
INGA.AS;B;2016-11-07;7.4441;2017-11-06;9.4353;TIMEOUT;0.2675;-0.0362;52;54;0.6792;4.7571;13.9316;19.6019;False;False;;0.3101;2.9381;4.7571;AS;1.4119;0.4238;0.6753;18;123;48;94800687.45833333
MTB;B;2016-11-07;102.8861;2017-11-06;121.1343;TIMEOUT;0.1774;-0.0101;52;37;0.3181;81.2499;168.3471;222.1772;False;False;;0.2894;44.5416;81.2499;US;1.7754;0.194;0.9879;19;191;49;5116624.489795919
NSC;B;2016-11-07;83.0126;2017-11-06;106.7603;TIMEOUT;0.2861;-0.0;52;50;0.5464;63.9195;144.4645;194.2451;False;False;;0.3544;41.3382;63.9195;US;1.5608;0.2435;0.9678;19;106;83;10231230.120481927
NTRS;B;2016-11-07;61.2617;2017-11-06;72.2461;TIMEOUT;0.1793;0.0;52;35;0.3524;46.7753;103.8603;139.1414;False;False;;0.2599;23.9289;46.7753;US;1.518;0.1707;0.9817;19;191;49;6890326.530612245
PRU;B;2016-11-07;62.7196;2017-11-06;72.9541;TIMEOUT;0.1632;-0.0133;52;55;0.4982;42.2069;88.9802;117.8883;False;False;;0.202;27.7009;42.2069;US;2.048;0.1798;0.9626;19;96;93;12939604.301075269
RJF;B;2016-11-07;39.1445;2017-11-06;48.8277;TIMEOUT;0.2474;0.0;52;46;0.3976;26.6582;60.79;81.885;False;False;;0.3022;13.9504;26.6582;US;1.3719;0.2387;0.8954;18;191;50;7292676.0
URI;B;2016-11-07;87.7958;2017-11-06;140.8488;TIMEOUT;0.6043;-0.0047;52;54;0.6245;59.474;204.2535;293.734;False;False;;0.6387;25.8767;59.474;US;1.93;0.1891;0.9138;19;110;95;10895882.105263159
AIG;C;2016-11-07;49.5249;2017-11-06;49.5378;TIMEOUT;0.0003;-0.0717;52;60;0.4447;35.7749;80.5771;107.1033;False;False;;0.079;22.9292;37.6578;US;1.3203;0.1462;0.9701;19;140;49;41160197.95918367
C;C;2016-11-07;39.2356;2017-11-06;54.4385;TIMEOUT;0.3875;0.0;52;60;0.6173;50.269;71.5479;98.3046;False;False;;0.4559;18.0154;28.2557;US;1.8582;0.3013;0.7345;19;163;49;102272083.6734694
CS.PA;C;2016-11-07;12.7381;2017-11-06;15.1834;TIMEOUT;0.192;-0.0312;52;55;0.4402;12.7381;26.0712;36.1475;False;False;;0.2454;4.127;9.7678;PA;1.7452;0.045;0.8762;20;182;29;35624426.93103448
ELV;C;2016-11-07;116.9854;2017-11-06;194.0117;TIMEOUT;0.6584;-0.0077;52;48;0.3905;116.9854;278.134;383.9042;False;False;;0.6773;42.5297;106.9979;US;1.4809;0.0135;0.9198;19;152;53;9489809.433962265
GOOG;C;2016-11-07;37.3715;2017-11-06;50.9543;TIMEOUT_T1;0.3635;-0.0351;52;38;0.5631;45.726;50.9033;62.0461;True;False;50;0.3904;28.0056;32.8744;US;1.3643;0.0513;0.0804;19;23;21;186699428.57142857
GOOGL;C;2016-11-07;38.2483;2017-11-06;51.7486;TIMEOUT_T1;0.353;-0.0365;52;41;0.6338;46.3879;50.7593;61.5268;True;False;50;0.3782;29.3939;33.3374;US;1.6766;0.0432;0.123;19;23;21;195185142.85714287
GS;C;2016-11-07;166.6501;2017-11-06;198.7028;TIMEOUT;0.1923;0.0;52;67;0.5944;166.6501;283.6646;389.4581;False;False;;0.2583;69.5773;112.4906;US;1.8201;0.3559;0.9601;19;156;53;17276501.88679245
INGA.AS;C;2016-11-07;7.4441;2017-11-06;9.4353;TIMEOUT;0.2675;-0.0362;52;54;0.6792;7.4441;13.9316;19.6019;False;False;;0.3101;2.9381;4.7571;AS;1.4119;0.4238;0.6753;18;123;48;94800687.45833333
MTB;C;2016-11-07;102.8861;2017-11-06;121.1343;TIMEOUT;0.1774;-0.0101;52;37;0.3181;102.8861;168.3471;222.1772;False;False;;0.2894;44.5416;81.2499;US;1.7754;0.194;0.9879;19;191;49;5116624.489795919
NSC;C;2016-11-07;83.0126;2017-11-06;106.7603;TIMEOUT;0.2861;-0.0;52;50;0.5464;83.0126;144.4645;194.2451;False;False;;0.3544;41.3382;63.9195;US;1.5608;0.2435;0.9678;19;106;83;10231230.120481927
NTRS;C;2016-11-07;61.2617;2017-11-06;72.2461;TIMEOUT;0.1793;0.0;52;35;0.3524;61.2617;103.8603;139.1414;False;False;;0.2599;23.9289;46.7753;US;1.518;0.1707;0.9817;19;191;49;6890326.530612245
PRU;C;2016-11-07;62.7196;2017-08-21;66.3438;STOP_C_P3;0.0578;-0.0133;41;55;0.4982;66.3438;88.9802;117.8883;False;False;;0.202;27.7009;42.2069;US;2.048;0.1798;0.9626;19;96;93;12939604.301075269
RJF;C;2016-11-07;39.1445;2017-09-04;44.0979;STOP_C_P3;0.1265;0.0;43;46;0.3976;44.0979;60.79;81.885;False;False;;0.2802;13.9504;26.6582;US;1.3719;0.2387;0.8954;18;191;50;7292676.0
URI;C;2016-11-07;87.7958;2017-11-06;140.8488;TIMEOUT;0.6043;-0.0047;52;54;0.6245;87.7958;204.2535;293.734;False;False;;0.6387;25.8767;59.474;US;1.93;0.1891;0.9138;19;110;95;10895882.105263159
HM-B.ST;A;2016-11-14;179.5355;2017-11-13;137.0728;TIMEOUT;-0.2365;-0.2595;52;54;0.687;120.9291;335.455;446.5524;False;False;;0.024;120.9291;155.6992;ST;1.4395;0.0928;0.9136;20;144;45;14319541.8
HM-B.ST;B;2016-11-14;179.5355;2017-01-23;155.6992;STOP_C;-0.1328;-0.1398;10;54;0.687;155.6992;335.455;446.5524;False;False;;0.024;120.9291;155.6992;ST;1.4395;0.0928;0.9136;20;144;45;14319541.8
HM-B.ST;C;2016-11-14;179.5355;2017-03-27;147.9143;STOP_C_P1;-0.1761;-0.1808;19;54;0.687;147.9143;335.455;446.5524;False;False;;0.024;120.9291;155.6992;ST;1.4395;0.0928;0.9136;20;144;45;14319541.8
INVE-B.ST;A;2016-11-28;62.8353;2017-11-27;79.8253;TIMEOUT;0.2704;-0.0042;52;36;0.5839;41.6797;97.3876;124.775;False;False;;0.4095;41.6797;53.0749;ST;1.4353;0.1075;0.5507;24;27;60;23121632.666666668
LYB;A;2016-11-28;51.5966;2017-11-27;62.1107;TIMEOUT;0.2038;-0.1069;52;41;0.4246;9.2141;124.9435;177.7063;False;False;;0.2469;9.2141;39.5733;US;1.3289;0.0312;0.632;22;154;93;20480144.086021505
INVE-B.ST;B;2016-11-28;62.8353;2017-11-27;79.8253;TIMEOUT;0.2704;-0.0042;52;36;0.5839;53.0749;97.3876;124.775;False;False;;0.4095;41.6797;53.0749;ST;1.4353;0.1075;0.5507;24;27;60;23121632.666666668
LYB;B;2016-11-28;51.5966;2017-11-27;62.1107;TIMEOUT;0.2038;-0.1069;52;41;0.4246;39.5733;124.9435;177.7063;False;False;;0.2469;9.2141;39.5733;US;1.3289;0.0312;0.632;22;154;93;20480144.086021505
INVE-B.ST;C;2016-11-28;62.8353;2017-08-14;77.9375;STOP_C_P3;0.2403;-0.0042;37;36;0.5839;77.9375;97.3876;124.775;False;False;;0.4095;41.6797;53.0749;ST;1.4353;0.1075;0.5507;24;27;60;23121632.666666668
LYB;C;2016-11-28;51.5966;2017-11-27;62.1107;TIMEOUT;0.2038;-0.1069;52;41;0.4246;51.5966;124.9435;177.7063;False;False;;0.2469;9.2141;39.5733;US;1.3289;0.0312;0.632;22;154;93;20480144.086021505
BX;A;2016-12-05;19.2631;2017-12-04;22.5805;TIMEOUT;0.1722;-0.0972;52;37;0.3905;5.4548;37.4683;51.8402;False;False;;0.2771;5.4548;14.2145;US;1.9147;0.0502;0.8352;22;114;102;23079717.54901961
CBRE;A;2016-12-05;32.79;2017-12-04;43.62;TIMEOUT;0.3303;-0.0945;52;60;0.6315;14.97;64.2364;89.0364;False;False;;0.3431;14.97;24.11;US;1.3364;0.2561;0.86;22;144;62;12132854.838709677
BX;B;2016-12-05;19.2631;2017-12-04;22.5805;TIMEOUT;0.1722;-0.0972;52;37;0.3905;14.2145;37.4683;51.8402;False;False;;0.2771;5.4548;14.2145;US;1.9147;0.0502;0.8352;22;114;102;23079717.54901961
CBRE;B;2016-12-05;32.79;2017-12-04;43.62;TIMEOUT;0.3303;-0.0945;52;60;0.6315;24.11;64.2364;89.0364;False;False;;0.3431;14.97;24.11;US;1.3364;0.2561;0.86;22;144;62;12132854.838709677
BX;C;2016-12-05;19.2631;2017-12-04;22.5805;TIMEOUT;0.1722;-0.0972;52;37;0.3905;19.2631;37.4683;51.8402;False;False;;0.2771;5.4548;14.2145;US;1.9147;0.0502;0.8352;22;114;102;23079717.54901961
CBRE;C;2016-12-05;32.79;2017-12-04;43.62;TIMEOUT;0.3303;-0.0945;52;60;0.6315;32.79;64.2364;89.0364;False;False;;0.3431;14.97;24.11;US;1.3364;0.2561;0.86;22;144;62;12132854.838709677
SCATC.OL;A;2016-12-19;32.6808;2017-12-18;44.2761;TIMEOUT;0.3548;-0.0083;52;33;0.7181;15.2867;76.0777;108.0738;False;False;;0.3913;15.2867;24.308;OL;1.7641;0.0401;0.4;13;42;60;794520.9666666667
SCATC.OL;B;2016-12-19;32.6808;2017-12-18;44.2761;TIMEOUT;0.3548;-0.0083;52;33;0.7181;24.308;76.0777;108.0738;False;False;;0.3913;15.2867;24.308;OL;1.7641;0.0401;0.4;13;42;60;794520.9666666667
SCATC.OL;C;2016-12-19;32.6808;2017-04-03;32.6808;STOP_C_P2;0.0;-0.0083;15;33;0.7181;32.6808;76.0777;108.0738;False;False;;0.1763;15.2867;24.308;OL;1.7641;0.0401;0.4;13;42;60;794520.9666666667
COR;A;2017-01-30;66.9916;2018-01-29;73.3257;TIMEOUT;0.0946;-0.1843;52;67;0.58;24.1481;154.7987;218.9069;False;False;;0.2114;24.1481;51.0717;US;1.6769;0.0899;0.9625;14;186;78;11131102.564102564
ELV;A;2017-01-30;139.8511;2018-01-29;213.2401;TIMEOUT;0.5248;-0.0234;52;60;0.4519;42.5297;271.6431;377.4133;False;False;;0.7082;42.5297;100.507;US;1.4978;0.2396;0.7288;13;152;71;9202639.436619718
COR;B;2017-01-30;66.9916;2018-01-29;73.3257;TIMEOUT;0.0946;-0.1843;52;67;0.58;51.0717;154.7987;218.9069;False;False;;0.2114;24.1481;51.0717;US;1.6769;0.0899;0.9625;14;186;78;11131102.564102564
ELV;B;2017-01-30;139.8511;2018-01-29;213.2401;TIMEOUT;0.5248;-0.0234;52;60;0.4519;100.507;271.6431;377.4133;False;False;;0.7082;42.5297;100.507;US;1.4978;0.2396;0.7288;13;152;71;9202639.436619718
COR;C;2017-01-30;66.9916;2018-01-29;73.3257;TIMEOUT;0.0946;-0.1843;52;67;0.58;66.9916;154.7987;218.9069;False;False;;0.2114;24.1481;51.0717;US;1.6769;0.0899;0.9625;14;186;78;11131102.564102564
ELV;C;2017-01-30;139.8511;2018-01-29;213.2401;TIMEOUT;0.5248;-0.0234;52;60;0.4519;210.2232;271.6431;377.4133;False;False;;0.7082;42.5297;100.507;US;1.4978;0.2396;0.7288;13;152;71;9202639.436619718
KINV-B.ST;A;2017-02-20;113.9958;2018-02-19;147.4044;TIMEOUT;0.2931;-0.0475;52;24;0.7136;80.9647;167.5504;213.0168;False;False;;0.3147;80.9647;93.9859;ST;1.3691;0.1711;0.6;23;40;60;5575306.416666667
TJX;A;2017-02-20;34.2574;2018-02-19;34.7218;TIMEOUT;0.0136;-0.1447;52;70;0.4889;27.354;46.5315;55.5388;False;False;;0.0547;27.354;31.9577;US;2.0463;0.0265;0.8163;3;39;24;31767158.333333332
KINV-B.ST;B;2017-02-20;113.9958;2018-02-19;147.4044;TIMEOUT;0.2931;-0.0475;52;24;0.7136;93.9859;167.5504;213.0168;False;False;;0.3147;80.9647;93.9859;ST;1.3691;0.1711;0.6;23;40;60;5575306.416666667
TJX;B;2017-02-20;34.2574;2017-06-05;31.9577;STOP_C;-0.0671;-0.0725;15;70;0.4889;31.9577;46.5315;55.5388;False;False;;0.0383;27.354;31.9577;US;2.0463;0.0265;0.8163;3;39;24;31767158.333333332
KINV-B.ST;C;2017-02-20;113.9958;2018-02-19;147.4044;TIMEOUT;0.2931;-0.0475;52;24;0.7136;131.8908;167.5504;213.0168;False;False;;0.3147;80.9647;93.9859;ST;1.3691;0.1711;0.6;23;40;60;5575306.416666667
TJX;C;2017-02-20;34.2574;2017-06-19;30.3598;STOP_C_P1;-0.1138;-0.1247;17;70;0.4889;30.3598;46.5315;55.5388;False;False;;0.0383;27.354;31.9577;US;2.0463;0.0265;0.8163;3;39;24;31767158.333333332
SBAC;A;2017-02-27;104.8506;2018-02-26;139.4391;TIMEOUT_T1;0.3299;-0.0196;52;58;0.6405;75.5056;140.0098;172.6286;True;False;26;0.5452;75.5056;87.2326;US;1.3079;0.223;0.7019;15;30;10;5614290.0
SBAC;B;2017-02-27;104.8506;2018-02-26;139.4391;TIMEOUT_T1;0.3299;-0.0196;52;58;0.6405;87.2326;140.0098;172.6286;True;False;26;0.5452;75.5056;87.2326;US;1.3079;0.223;0.7019;15;30;10;5614290.0
SBAC;C;2017-02-27;104.8506;2018-02-05;142.5757;STOP_C_P3;0.3598;-0.0196;49;58;0.6405;142.5757;140.0098;172.6286;True;False;26;0.5452;75.5056;87.2326;US;1.3079;0.223;0.7019;15;30;10;5614290.0
CSGP;A;2017-03-20;20.774;2018-03-19;36.142;TIMEOUT_T1;0.7398;-0.0491;52;50;0.4968;13.438;32.34;41.251;True;False;43;0.8223;13.438;17.922;US;1.3975;0.0386;0.9688;16;40;71;8989352.112676056
CSGP;B;2017-03-20;20.774;2018-03-19;36.142;TIMEOUT_T1;0.7398;-0.0491;52;50;0.4968;17.922;32.34;41.251;True;False;43;0.8223;13.438;17.922;US;1.3975;0.0386;0.9688;16;40;71;8989352.112676056
CSGP;C;2017-03-20;20.774;2018-03-19;36.142;TIMEOUT_T1;0.7398;-0.0491;52;50;0.4968;33.3142;32.34;41.251;True;False;43;0.8223;13.438;17.922;US;1.3975;0.0386;0.9688;16;40;71;8989352.112676056
ITX.MC;A;2017-04-17;25.2801;2018-02-19;18.7064;STOP_P0;-0.26;-0.2612;44;61;0.5173;18.7064;33.2863;40.227;False;False;;0.0899;18.7064;22.0563;MC;3.5184;0.0476;0.4257;8;14;64;28165802.734375
ITX.MC;B;2017-04-17;25.2801;2017-11-13;22.0563;STOP_C;-0.1275;-0.1343;30;61;0.5173;22.0563;33.2863;40.227;False;False;;0.0899;18.7064;22.0563;MC;3.5184;0.0476;0.4257;8;14;64;28165802.734375
ITX.MC;C;2017-04-17;25.2801;2018-01-29;20.9535;STOP_C_P1;-0.1711;-0.1749;41;61;0.5173;20.9535;33.2863;40.227;False;False;;0.0899;18.7064;22.0563;MC;3.5184;0.0476;0.4257;8;14;64;28165802.734375
AES;A;2017-04-24;7.9799;2018-04-23;8.9795;TIMEOUT;0.1253;-0.0978;52;36;0.4057;5.4555;13.5539;17.2145;False;False;;0.1381;5.4555;7.631;US;1.3168;0.0204;0.2439;6;35;25;26849712.0
TMO;A;2017-04-24;161.1562;2018-04-23;208.1366;TIMEOUT_T1;0.2915;0.0;52;45;0.5213;116.1357;200.0417;240.0603;True;False;37;0.373;116.1357;135.2916;US;1.3373;0.0969;0.7306;21;25;17;8485058.823529411
WDC;A;2017-04-24;60.4203;2018-04-23;56.1268;TIMEOUT;-0.0711;-0.1305;52;37;0.697;19.6038;120.6917;173.3144;False;False;;0.2218;19.6038;35.5482;US;2.038;0.1351;0.7444;26;112;97;25573046.030927837
AES;B;2017-04-24;7.9799;2017-07-03;7.631;STOP_C;-0.0437;-0.0628;10;36;0.4057;7.631;13.5539;17.2145;False;False;;0.0654;5.4555;7.631;US;1.3168;0.0204;0.2439;6;35;25;26849712.0
TMO;B;2017-04-24;161.1562;2018-04-23;208.1366;TIMEOUT_T1;0.2915;0.0;52;45;0.5213;135.2916;200.0417;240.0603;True;False;37;0.373;116.1357;135.2916;US;1.3373;0.0969;0.7306;21;25;17;8485058.823529411
WDC;B;2017-04-24;60.4203;2018-04-23;56.1268;TIMEOUT;-0.0711;-0.1305;52;37;0.697;35.5482;120.6917;173.3144;False;False;;0.2218;19.6038;35.5482;US;2.038;0.1351;0.7444;26;112;97;25573046.030927837
AES;C;2017-04-24;7.9799;2017-11-06;7.2495;STOP_C_P1;-0.0915;-0.0961;28;36;0.4057;7.2495;13.5539;17.2145;False;False;;0.0654;5.4555;7.631;US;1.3168;0.0204;0.2439;6;35;25;26849712.0
TMO;C;2017-04-24;161.1562;2018-02-05;194.7098;STOP_C_P3;0.2082;0.0;41;45;0.5213;194.7098;200.0417;240.0603;True;False;37;0.373;116.1357;135.2916;US;1.3373;0.0969;0.7306;21;25;17;8485058.823529411
WDC;C;2017-04-24;60.4203;2018-04-23;60.4203;STOP_C_P2;0.0;-0.1305;52;37;0.697;60.4203;120.6917;173.3144;False;False;;0.2218;19.6038;35.5482;US;2.038;0.1351;0.7444;26;112;97;25573046.030927837
APTV;A;2017-05-01;71.5395;2018-04-30;91.1666;TIMEOUT;0.2744;-0.0444;52;60;0.4297;19.043;134.567;187.3587;False;False;;0.3338;19.043;49.1501;US;2.004;0.3923;0.8476;22;156;75;14097237.6
TECH;A;2017-05-01;26.3105;2018-04-30;35.4734;TIMEOUT;0.3483;-0.0268;52;51;0.556;18.6741;37.1136;46.0563;False;False;;0.4092;18.6741;22.6444;US;1.7609;0.086;0.7589;12;24;31;3338696.7741935486
APTV;B;2017-05-01;71.5395;2018-04-30;91.1666;TIMEOUT;0.2744;-0.0444;52;60;0.4297;49.1501;134.567;187.3587;False;False;;0.3338;19.043;49.1501;US;2.004;0.3923;0.8476;22;156;75;14097237.6
TECH;B;2017-05-01;26.3105;2018-04-30;35.4734;TIMEOUT;0.3483;-0.0268;52;51;0.556;22.6444;37.1136;46.0563;False;False;;0.4092;18.6741;22.6444;US;1.7609;0.086;0.7589;12;24;31;3338696.7741935486
APTV;C;2017-05-01;71.5395;2018-04-30;91.1666;TIMEOUT;0.2744;-0.0444;52;60;0.4297;71.5395;134.567;187.3587;False;False;;0.3338;19.043;49.1501;US;2.004;0.3923;0.8476;22;156;75;14097237.6
TECH;C;2017-05-01;26.3105;2018-04-30;35.4734;TIMEOUT;0.3483;-0.0268;52;51;0.556;32.6267;37.1136;46.0563;False;False;;0.4092;18.6741;22.6444;US;1.7609;0.086;0.7589;12;24;31;3338696.7741935486
AZN.ST;A;2017-05-08;581.1555;2018-05-07;612.4222;TIMEOUT;0.0538;-0.221;52;61;0.4634;259.2367;993.4048;1334.1524;False;False;;0.0829;259.2367;442.0752;ST;1.6173;0.0148;0.8889;22;188;85;2336999.8
AZN.ST;B;2017-05-08;581.1555;2018-05-07;612.4222;TIMEOUT;0.0538;-0.221;52;61;0.4634;442.0752;993.4048;1334.1524;False;False;;0.0829;259.2367;442.0752;ST;1.6173;0.0148;0.8889;22;188;85;2336999.8
AZN.ST;C;2017-05-08;581.1555;2018-05-07;612.4222;TIMEOUT;0.0538;-0.221;52;61;0.4634;419.9715;993.4048;1334.1524;False;False;;0.0829;259.2367;442.0752;ST;1.6173;0.0148;0.8889;22;188;85;2336999.8
SCATC.OL;A;2017-06-12;40.7011;2018-06-11;55.3126;TIMEOUT;0.359;-0.0968;52;44;0.4075;15.2867;79.1754;108.0783;False;False;;0.4757;15.2867;32.4107;OL;1.527;0.2013;0.8276;10;32;98;963259.9693877551
SCATC.OL;B;2017-06-12;40.7011;2018-06-11;55.3126;TIMEOUT;0.359;-0.0968;52;44;0.4075;32.4107;79.1754;108.0783;False;False;;0.4757;15.2867;32.4107;OL;1.527;0.2013;0.8276;10;32;98;963259.9693877551
SCATC.OL;C;2017-06-12;40.7011;2018-01-29;40.7011;STOP_C_P2;0.0;-0.0676;33;44;0.4075;40.7011;79.1754;108.0783;False;False;;0.1869;15.2867;32.4107;OL;1.527;0.2013;0.8276;10;32;98;963259.9693877551
NOS.LS;A;2017-07-10;2.5762;2018-07-09;2.4637;TIMEOUT;-0.0437;-0.1474;52;44;0.6624;1.6953;5.2325;7.0412;False;False;;0.0519;1.6953;2.3059;LS;1.5014;0.0583;0.8593;24;51;78;3027350.2564102565
NOS.LS;B;2017-07-10;2.5762;2018-02-05;2.3059;STOP_C;-0.1049;-0.1063;30;44;0.6624;2.3059;5.2325;7.0412;False;False;;0.0519;1.6953;2.3059;LS;1.5014;0.0583;0.8593;24;51;78;3027350.2564102565
NOS.LS;C;2017-07-10;2.5762;2018-07-09;2.4637;TIMEOUT;-0.0437;-0.1474;52;44;0.6624;2.1906;5.2325;7.0412;False;False;;0.0519;1.6953;2.3059;LS;1.5014;0.0583;0.8593;24;51;78;3027350.2564102565
IBKR;A;2017-10-16;11.6999;2018-10-15;12.1676;TIMEOUT_T1;0.04;-0.0053;52;43;0.4747;4.6239;17.4971;23.5035;True;False;20;0.6314;4.6239;7.7789;US;1.6951;0.2667;0.6278;26;66;93;11574365.59139785
IBKR;B;2017-10-16;11.6999;2018-10-15;12.1676;TIMEOUT_T1;0.04;-0.0053;52;43;0.4747;7.7789;17.4971;23.5035;True;False;20;0.6314;4.6239;7.7789;US;1.6951;0.2667;0.6278;26;66;93;11574365.59139785
IBKR;C;2017-10-16;11.6999;2018-03-26;15.4983;STOP_C_P3;0.3246;-0.0053;23;43;0.4747;15.4983;17.4971;23.5035;True;False;20;0.5053;4.6239;7.7789;US;1.6951;0.2667;0.6278;26;66;93;11574365.59139785
AKRBP.OL;A;2017-10-23;92.3587;2018-10-22;152.0775;TIMEOUT_T1;0.6466;0.0;52;59;0.3989;23.2906;168.135;233.4068;True;False;29;1.1118;23.2906;62.5254;OL;2.202;0.3952;1.0;18;54;19;2151506.3157894737
AKRBP.OL;B;2017-10-23;92.3587;2018-10-22;152.0775;TIMEOUT_T1;0.6466;0.0;52;59;0.3989;62.5254;168.135;233.4068;True;False;29;1.1118;23.2906;62.5254;OL;2.202;0.3952;1.0;18;54;19;2151506.3157894737
AKRBP.OL;C;2017-10-23;92.3587;2018-07-16;154.5226;STOP_C_P3;0.6731;0.0;38;59;0.3989;154.5226;168.135;233.4068;True;False;29;0.9012;23.2906;62.5254;OL;2.202;0.3952;1.0;18;54;19;2151506.3157894737
ADM;A;2017-12-11;31.5677;2018-12-10;35.7576;TIMEOUT;0.1327;-0.0316;52;34;0.3696;21.8492;53.8239;68.0448;False;False;;0.3124;21.8492;30.8145;US;1.9187;0.0259;0.3838;22;58;19;13505447.368421054
ADM;B;2017-12-11;31.5677;2018-01-08;30.8145;STOP_C;-0.0239;-0.0316;4;34;0.3696;30.8145;53.8239;68.0448;False;False;;0.0037;21.8492;30.8145;US;1.9187;0.0259;0.3838;22;58;19;13505447.368421054
ADM;C;2017-12-11;31.5677;2018-12-10;35.7576;TIMEOUT;0.1327;-0.0316;52;34;0.3696;31.5677;53.8239;68.0448;False;False;;0.3124;21.8492;30.8145;US;1.9187;0.0259;0.3838;22;58;19;13505447.368421054
AES;A;2018-01-15;8.475;2019-01-14;11.6781;TIMEOUT;0.3779;-0.1505;52;64;0.5199;5.4555;13.1357;16.7963;False;False;;0.4426;5.4555;7.2128;US;2.497;0.0592;0.8438;10;35;59;25931818.644067798
ANA.MC;A;2018-01-15;56.3764;2019-01-14;62.5835;TIMEOUT;0.1101;-0.2053;52;52;0.7316;42.6286;82.1538;103.1069;False;False;;0.1522;42.6286;48.2516;MC;1.31;0.1671;0.8151;10;53;19;808570.1052631579
AES;B;2018-01-15;8.475;2018-02-05;7.2128;STOP_C;-0.1489;-0.1505;3;64;0.5199;7.2128;13.1357;16.7963;False;False;;0.026;5.4555;7.2128;US;2.497;0.0592;0.8438;10;35;59;25931818.644067798
ANA.MC;B;2018-01-15;56.3764;2018-03-19;48.2516;STOP_C;-0.1441;-0.204;9;52;0.7316;48.2516;82.1538;103.1069;False;False;;0.0187;42.6286;48.2516;MC;1.31;0.1671;0.8151;10;53;19;808570.1052631579
AES;C;2018-01-15;8.475;2018-12-17;10.7592;STOP_C_P3;0.2695;-0.1505;48;64;0.5199;10.7592;13.1357;16.7963;False;False;;0.4426;5.4555;7.2128;US;2.497;0.0592;0.8438;10;35;59;25931818.644067798
ANA.MC;C;2018-01-15;56.3764;2018-03-19;45.839;STOP_C_P1;-0.1869;-0.204;9;52;0.7316;45.839;82.1538;103.1069;False;False;;0.0187;42.6286;48.2516;MC;1.31;0.1671;0.8151;10;53;19;808570.1052631579
HAL;A;2018-01-22;46.9513;2018-12-17;22.57;STOP_P0;-0.5193;-0.5321;47;44;0.548;22.57;76.9323;103.1947;False;False;;0.0;22.57;34.4397;US;1.4109;0.3821;0.4668;13;53;39;43100402.56410257
WY;A;2018-01-22;27.2343;2018-10-22;19.8169;STOP_P0;-0.2724;-0.294;39;56;0.5931;19.8169;29.9953;35.0219;False;False;;0.0322;19.8169;21.8622;US;1.8661;0.1733;0.981;23;25;16;14935568.75
HAL;B;2018-01-22;46.9513;2018-07-23;34.4397;STOP_C;-0.2665;-0.2848;26;44;0.548;34.4397;76.9323;103.1947;False;False;;0.0;22.57;34.4397;US;1.4109;0.3821;0.4668;13;53;39;43100402.56410257
WY;B;2018-01-22;27.2343;2018-10-08;21.8622;STOP_C;-0.1973;-0.2418;37;56;0.5931;21.8622;29.9953;35.0219;False;False;;0.0322;19.8169;21.8622;US;1.8661;0.1733;0.981;23;25;16;14935568.75
HAL;C;2018-01-22;46.9513;2018-09-03;32.7177;STOP_C_P1;-0.3032;-0.3493;32;44;0.548;32.7177;76.9323;103.1947;False;False;;0.0;22.57;34.4397;US;1.4109;0.3821;0.4668;13;53;39;43100402.56410257
WY;C;2018-01-22;27.2343;2018-10-08;20.7691;STOP_C_P1;-0.2374;-0.2418;37;56;0.5931;20.7691;29.9953;35.0219;False;False;;0.0322;19.8169;21.8622;US;1.8661;0.1733;0.981;23;25;16;14935568.75
ADM;A;2018-03-12;34.1205;2019-03-11;34.9005;TIMEOUT;0.0229;-0.0801;52;43;0.4244;21.8492;53.0439;67.2648;False;False;;0.2143;21.8492;30.0345;US;1.9255;0.0317;0.2696;17;58;37;14239359.45945946
PSA;A;2018-03-12;141.5429;2019-03-11;161.4791;TIMEOUT;0.1408;-0.0303;52;46;0.4886;91.0803;290.0538;383.4929;False;False;;0.1974;91.0803;138.8694;US;1.3615;0.0281;0.6761;20;121;80;4217410.0
ADM;B;2018-03-12;34.1205;2019-03-11;34.9005;TIMEOUT;0.0229;-0.0801;52;43;0.4244;30.0345;53.0439;67.2648;False;False;;0.2143;21.8492;30.0345;US;1.9255;0.0317;0.2696;17;58;37;14239359.45945946
PSA;B;2018-03-12;141.5429;2018-03-19;138.8694;STOP_C;-0.0189;-0.027;1;46;0.4886;138.8694;290.0538;383.4929;False;False;;0.0095;91.0803;138.8694;US;1.3615;0.0281;0.6761;20;121;80;4217410.0
ADM;C;2018-03-12;34.1205;2018-12-17;34.1205;STOP_C_P2;0.0;-0.0479;40;43;0.4244;34.1205;53.0439;67.2648;False;False;;0.2143;21.8492;30.0345;US;1.9255;0.0317;0.2696;17;58;37;14239359.45945946
PSA;C;2018-03-12;141.5429;2018-10-22;141.5429;STOP_C_P2;0.0;-0.0303;32;46;0.4886;141.5429;290.0538;383.4929;False;False;;0.1974;91.0803;138.8694;US;1.3615;0.0281;0.6761;20;121;80;4217410.0
AMG.AS;A;2018-04-30;38.0371;2019-04-29;22.2652;TIMEOUT;-0.4146;-0.464;52;53;0.3939;11.9001;76.2578;105.1944;False;False;;0.2192;11.9001;29.4384;AS;1.7408;0.2027;0.8664;5;57;10;1280543.6
AMG.AS;B;2018-04-30;38.0371;2018-12-10;29.4384;STOP_C;-0.2261;-0.2739;32;53;0.3939;29.4384;76.2578;105.1944;False;False;;0.2192;11.9001;29.4384;AS;1.7408;0.2027;0.8664;5;57;10;1280543.6
AMG.AS;C;2018-04-30;38.0371;2018-08-13;38.0371;STOP_C_P2;0.0;-0.0458;15;53;0.3939;38.0371;76.2578;105.1944;False;False;;0.2192;11.9001;29.4384;AS;1.7408;0.2027;0.8664;5;57;10;1280543.6
SKA-B.ST;A;2018-07-16;115.3741;2019-07-15;134.4919;TIMEOUT;0.1657;-0.1472;52;39;0.7082;94.6422;206.4411;264.9812;False;False;;0.1808;94.6422;111.723;ST;1.4228;0.0465;0.361;0;67;76;7249047.302631579
SKA-B.ST;B;2018-07-16;115.3741;2018-10-15;111.723;STOP_C;-0.0316;-0.1019;13;39;0.7082;111.723;206.4411;264.9812;False;False;;0.1405;94.6422;111.723;ST;1.4228;0.0465;0.361;0;67;76;7249047.302631579
SKA-B.ST;C;2018-07-16;115.3741;2018-10-15;106.1369;STOP_C_P1;-0.0801;-0.1019;13;39;0.7082;106.1369;206.4411;264.9812;False;False;;0.1405;94.6422;111.723;ST;1.4228;0.0465;0.361;0;67;76;7249047.302631579
PCAR;A;2018-07-23;32.3329;2019-07-22;36.9972;TIMEOUT;0.1443;-0.1798;52;68;0.5732;22.2692;55.8323;72.2463;False;False;;0.1633;22.2692;29.2743;US;1.4064;0.0767;0.9862;3;83;22;17472081.818181816
PCAR;B;2018-07-23;32.3329;2018-10-22;29.2743;STOP_C;-0.0946;-0.1798;13;68;0.5732;29.2743;55.8323;72.2463;False;False;;0.1081;22.2692;29.2743;US;1.4064;0.0767;0.9862;3;83;22;17472081.818181816
PCAR;C;2018-07-23;32.3329;2018-10-22;27.8106;STOP_C_P1;-0.1399;-0.1798;13;68;0.5732;27.8106;55.8323;72.2463;False;False;;0.1081;22.2692;29.2743;US;1.4064;0.0767;0.9862;3;83;22;17472081.818181816
PFE;A;2018-07-30;26.3452;2019-07-29;25.562;TIMEOUT;-0.0297;-0.0379;52;59;0.4488;17.9679;33.5727;40.7667;False;False;;0.1551;17.9679;21.9329;US;1.33;0.188;0.9524;13;65;13;123907218.61538461
PFE;B;2018-07-30;26.3452;2019-07-29;25.562;TIMEOUT;-0.0297;-0.0379;52;59;0.4488;21.9329;33.5727;40.7667;False;False;;0.1551;17.9679;21.9329;US;1.33;0.188;0.9524;13;65;13;123907218.61538461
PFE;C;2018-07-30;26.3452;2018-12-24;26.78;STOP_C_P3;0.0165;-0.0052;21;59;0.4488;26.78;33.5727;40.7667;False;False;;0.1551;17.9679;21.9329;US;1.33;0.188;0.9524;13;65;13;123907218.61538461
MDT;A;2018-08-20;76.9497;2019-08-19;86.8354;TIMEOUT;0.1285;-0.1405;52;31;0.3749;48.5445;93.8796;114.0909;False;False;;0.1673;48.5445;61.1777;US;1.6969;0.1563;0.8567;22;41;88;24647473.863636363
MDT;B;2018-08-20;76.9497;2019-08-19;86.8354;TIMEOUT;0.1285;-0.1405;52;31;0.3749;61.1777;93.8796;114.0909;False;False;;0.1673;48.5445;61.1777;US;1.6969;0.1563;0.8567;22;41;88;24647473.863636363
MDT;C;2018-08-20;76.9497;2019-08-19;86.8354;TIMEOUT;0.1285;-0.1405;52;31;0.3749;79.0452;93.8796;114.0909;False;False;;0.1673;48.5445;61.1777;US;1.6969;0.1563;0.8567;22;41;88;24647473.863636363
HPE;A;2018-08-27;12.9267;2019-08-26;11.1342;TIMEOUT;-0.1387;-0.258;52;31;0.3761;5.0793;27.4612;37.4448;False;False;;0.052;5.0793;11.3079;US;1.3045;0.0651;0.203;8;111;17;58938905.88235294
HPE;B;2018-08-27;12.9267;2018-10-29;11.3079;STOP_C;-0.1252;-0.1253;9;31;0.3761;11.3079;27.4612;37.4448;False;False;;0.052;5.0793;11.3079;US;1.3045;0.0651;0.203;8;111;17;58938905.88235294
HPE;C;2018-08-27;12.9267;2018-12-17;10.7425;STOP_C_P1;-0.169;-0.2335;16;31;0.3761;10.7425;27.4612;37.4448;False;False;;0.052;5.0793;11.3079;US;1.3045;0.0651;0.203;8;111;17;58938905.88235294
INGA.AS;A;2018-09-17;7.3827;2019-09-16;6.5904;TIMEOUT;-0.1073;-0.248;52;74;0.6107;4.6965;15.5279;20.9239;False;False;;0.0788;4.6965;6.7972;AS;1.556;0.0154;0.8094;2;83;32;75349004.53125
INGA.AS;B;2018-09-17;7.3827;2018-10-15;6.7972;STOP_C;-0.0793;-0.1104;4;74;0.6107;6.7972;15.5279;20.9239;False;False;;0.0036;4.6965;6.7972;AS;1.556;0.0154;0.8094;2;83;32;75349004.53125
INGA.AS;C;2018-09-17;7.3827;2018-10-22;6.4574;STOP_C_P1;-0.1253;-0.1369;5;74;0.6107;6.4574;15.5279;20.9239;False;False;;0.0036;4.6965;6.7972;AS;1.556;0.0154;0.8094;2;83;32;75349004.53125
BALL;A;2018-10-08;40.4741;2019-06-10;61.4765;TARGET_2;0.5189;-0.0415;35;55;0.6599;27.8736;50.1168;61.4765;True;True;18;0.5229;27.8736;31.7368;US;1.5195;0.0997;0.2239;15;90;34;14386523.529411765
BALL;B;2018-10-08;40.4741;2019-06-10;61.4765;TARGET_2;0.5189;-0.0415;35;55;0.6599;31.7368;50.1168;61.4765;True;True;18;0.5229;27.8736;31.7368;US;1.5195;0.0997;0.2239;15;90;34;14386523.529411765
BALL;C;2018-10-08;40.4741;2018-12-17;41.1179;STOP_C_P3;0.0159;-0.0371;10;55;0.6599;41.1179;50.1168;61.4765;False;False;;0.1544;27.8736;31.7368;US;1.5195;0.0997;0.2239;15;90;34;14386523.529411765
IP;A;2018-11-26;30.7903;2019-11-25;32.3446;TIMEOUT;0.0505;-0.1871;52;59;0.7128;19.3032;64.4584;88.1596;False;False;;0.0577;19.3032;26.1098;US;1.4237;0.0229;0.8473;5;105;38;15163984.921052631
IP;B;2018-11-26;30.7903;2018-12-17;26.1098;STOP_C;-0.152;-0.1554;3;59;0.7128;26.1098;64.4584;88.1596;False;False;;0.0323;19.3032;26.1098;US;1.4237;0.0229;0.8473;5;105;38;15163984.921052631
IP;C;2018-11-26;30.7903;2019-11-25;32.3446;TIMEOUT;0.0505;-0.1871;52;59;0.7128;24.8043;64.4584;88.1596;False;False;;0.0577;19.3032;26.1098;US;1.4237;0.0229;0.8473;5;105;38;15163984.921052631
RJF;A;2019-01-14;48.2937;2020-01-13;58.1703;TIMEOUT;0.2045;-0.0948;52;68;0.5137;22.746;101.24;138.5422;False;False;;0.2074;22.746;40.8852;US;1.4859;0.0305;0.9327;3;119;31;6890501.612903226
RJF;B;2019-01-14;48.2937;2020-01-13;58.1703;TIMEOUT;0.2045;-0.0948;52;68;0.5137;40.8852;101.24;138.5422;False;False;;0.2074;22.746;40.8852;US;1.4859;0.0305;0.9327;3;119;31;6890501.612903226
RJF;C;2019-01-14;48.2937;2020-01-13;58.1703;TIMEOUT;0.2045;-0.0948;52;68;0.5137;48.2937;101.24;138.5422;False;False;;0.2074;22.746;40.8852;US;1.4859;0.0305;0.9327;3;119;31;6890501.612903226
ASML.AS;A;2019-01-21;143.312;2020-01-20;255.144;TIMEOUT;0.7803;-0.0294;52;63;0.4891;63.1953;303.0129;415.6635;False;False;;0.8076;63.1953;120.7444;AS;1.3642;0.1116;0.9871;3;152;23;7427844.043478261
LRCX;A;2019-01-21;15.0636;2020-01-20;28.5005;TIMEOUT;0.892;-0.0392;52;70;0.5869;5.2836;34.1892;48.4204;False;False;;0.9549;5.2836;11.1632;US;1.7405;0.0595;0.9548;4;113;57;159788807.01754385
URI;A;2019-01-21;122.5099;2020-01-20;145.9895;TIMEOUT;0.1917;-0.1993;52;56;0.433;40.336;234.6525;323.5843;False;False;;0.3362;40.336;90.7609;US;1.7329;0.0307;0.9706;4;55;95;7237812.631578947
ASML.AS;B;2019-01-21;143.312;2020-01-20;255.144;TIMEOUT;0.7803;-0.0294;52;63;0.4891;120.7444;303.0129;415.6635;False;False;;0.8076;63.1953;120.7444;AS;1.3642;0.1116;0.9871;3;152;23;7427844.043478261
LRCX;B;2019-01-21;15.0636;2020-01-20;28.5005;TIMEOUT;0.892;-0.0392;52;70;0.5869;11.1632;34.1892;48.4204;False;False;;0.9549;5.2836;11.1632;US;1.7405;0.0595;0.9548;4;113;57;159788807.01754385
URI;B;2019-01-21;122.5099;2020-01-20;145.9895;TIMEOUT;0.1917;-0.1993;52;56;0.433;90.7609;234.6525;323.5843;False;False;;0.3362;40.336;90.7609;US;1.7329;0.0307;0.9706;4;55;95;7237812.631578947
ASML.AS;C;2019-01-21;143.312;2020-01-20;255.144;TIMEOUT;0.7803;-0.0294;52;63;0.4891;227.9695;303.0129;415.6635;False;False;;0.8076;63.1953;120.7444;AS;1.3642;0.1116;0.9871;3;152;23;7427844.043478261
LRCX;C;2019-01-21;15.0636;2020-01-20;28.5005;TIMEOUT;0.892;-0.0392;52;70;0.5869;25.9141;34.1892;48.4204;False;False;;0.9549;5.2836;11.1632;US;1.7405;0.0595;0.9548;4;113;57;159788807.01754385
URI;C;2019-01-21;122.5099;2020-01-20;145.9895;TIMEOUT;0.1917;-0.1993;52;56;0.433;122.5099;234.6525;323.5843;False;False;;0.3362;40.336;90.7609;US;1.7329;0.0307;0.9706;4;55;95;7237812.631578947
ATCO-A.ST;A;2019-01-28;52.3483;2020-01-27;76.3547;TIMEOUT;0.4586;-0.0134;52;57;0.489;25.3307;103.7943;140.6491;False;False;;0.7025;25.3307;44.1634;ST;1.4644;0.183;0.6694;10;123;23;40578603.82608695
CL;A;2019-01-28;54.465;2020-01-27;63.3004;TIMEOUT;0.1622;-0.0085;52;64;0.6468;39.2578;86.6272;110.6577;False;False;;0.1889;39.2578;47.7458;US;1.4205;0.0111;0.9452;13;126;40;20078782.5
HPE;A;2019-01-28;12.4514;2020-01-27;11.3944;TIMEOUT;-0.0849;-0.1899;52;67;0.548;5.0793;25.7455;35.729;False;False;;0.1468;5.0793;9.5921;US;1.4524;0.3024;0.7848;5;111;42;54508164.28571428
ATCO-A.ST;B;2019-01-28;52.3483;2020-01-27;76.3547;TIMEOUT;0.4586;-0.0134;52;57;0.489;44.1634;103.7943;140.6491;False;False;;0.7025;25.3307;44.1634;ST;1.4644;0.183;0.6694;10;123;23;40578603.82608695
CL;B;2019-01-28;54.465;2020-01-27;63.3004;TIMEOUT;0.1622;-0.0085;52;64;0.6468;47.7458;86.6272;110.6577;False;False;;0.1889;39.2578;47.7458;US;1.4205;0.0111;0.9452;13;126;40;20078782.5
HPE;B;2019-01-28;12.4514;2020-01-27;11.3944;TIMEOUT;-0.0849;-0.1899;52;67;0.548;9.5921;25.7455;35.729;False;False;;0.1468;5.0793;9.5921;US;1.4524;0.3024;0.7848;5;111;42;54508164.28571428
ATCO-A.ST;C;2019-01-28;52.3483;2020-01-27;78.4302;STOP_C_P3;0.4982;-0.0134;52;57;0.489;78.4302;103.7943;140.6491;False;False;;0.7025;25.3307;44.1634;ST;1.4644;0.183;0.6694;10;123;23;40578603.82608695
CL;C;2019-01-28;54.465;2020-01-27;63.3004;TIMEOUT;0.1622;-0.0085;52;64;0.6468;54.465;86.6272;110.6577;False;False;;0.1889;39.2578;47.7458;US;1.4205;0.0111;0.9452;13;126;40;20078782.5
HPE;C;2019-01-28;12.4514;2020-01-27;11.3944;TIMEOUT;-0.0849;-0.1899;52;67;0.548;9.1125;25.7455;35.729;False;False;;0.1468;5.0793;9.5921;US;1.4524;0.3024;0.7848;5;111;42;54508164.28571428
ARES;A;2019-02-11;17.9168;2020-02-10;32.3045;TIMEOUT;0.803;-0.0456;52;47;0.3875;6.8843;34.0058;46.1651;False;False;;0.8873;6.8843;14.3322;US;1.3927;0.0281;0.9812;15;112;34;2384817.6470588236
CBRE;A;2019-02-11;50.04;2020-02-10;63.96;TIMEOUT;0.2782;-0.0975;52;64;0.4932;24.11;80.0358;106.3558;False;False;;0.294;24.11;37.45;US;1.4621;0.2018;0.9548;7;107;22;9367190.909090908
ARES;B;2019-02-11;17.9168;2020-02-10;32.3045;TIMEOUT;0.803;-0.0456;52;47;0.3875;14.3322;34.0058;46.1651;False;False;;0.8873;6.8843;14.3322;US;1.3927;0.0281;0.9812;15;112;34;2384817.6470588236
CBRE;B;2019-02-11;50.04;2020-02-10;63.96;TIMEOUT;0.2782;-0.0975;52;64;0.4932;37.45;80.0358;106.3558;False;False;;0.294;24.11;37.45;US;1.4621;0.2018;0.9548;7;107;22;9367190.909090908
ARES;C;2019-02-11;17.9168;2020-02-10;32.3045;TIMEOUT;0.803;-0.0456;52;47;0.3875;29.7566;34.0058;46.1651;False;False;;0.8873;6.8843;14.3322;US;1.3927;0.0281;0.9812;15;112;34;2384817.6470588236
CBRE;C;2019-02-11;50.04;2020-02-10;63.96;TIMEOUT;0.2782;-0.0975;52;64;0.4932;56.98;80.0358;106.3558;False;False;;0.294;24.11;37.45;US;1.4621;0.2018;0.9548;7;107;22;9367190.909090908
J;A;2019-02-18;57.9558;2020-02-17;81.5113;TIMEOUT;0.4064;-0.0478;52;67;0.437;26.4628;89.9063;118.9952;False;False;;0.4083;26.4628;42.8406;US;1.7106;0.103;0.9933;8;103;47;7404092.468085106
PWR;A;2019-02-18;35.8182;2020-02-17;39.466;TIMEOUT;0.1018;-0.118;52;50;0.4952;16.4438;62.3403;83.9614;False;False;;0.2124;16.4438;27.3573;US;1.4972;0.0242;0.6981;8;54;96;7088882.291666667
J;B;2019-02-18;57.9558;2020-02-17;81.5113;TIMEOUT;0.4064;-0.0478;52;67;0.437;42.8406;89.9063;118.9952;False;False;;0.4083;26.4628;42.8406;US;1.7106;0.103;0.9933;8;103;47;7404092.468085106
PWR;B;2019-02-18;35.8182;2020-02-17;39.466;TIMEOUT;0.1018;-0.118;52;50;0.4952;27.3573;62.3403;83.9614;False;False;;0.2124;16.4438;27.3573;US;1.4972;0.0242;0.6981;8;54;96;7088882.291666667
J;C;2019-02-18;57.9558;2019-12-02;67.6023;STOP_C_P3;0.1664;-0.0478;41;67;0.437;67.6023;89.9063;118.9952;False;False;;0.3255;26.4628;42.8406;US;1.7106;0.103;0.9933;8;103;47;7404092.468085106
PWR;C;2019-02-18;35.8182;2020-02-17;39.466;TIMEOUT;0.1018;-0.118;52;50;0.4952;35.8182;62.3403;83.9614;False;False;;0.2124;16.4438;27.3573;US;1.4972;0.0242;0.6981;8;54;96;7088882.291666667
AMG.AS;A;2019-02-25;28.5596;2020-02-24;18.708;TIMEOUT;-0.3449;-0.4512;52;51;0.6368;11.9001;69.228;98.1646;False;False;;0.0195;11.9001;22.4086;AS;2.0279;0.1295;0.1818;8;57;50;1438039.8
MAR;A;2019-02-25;117.7729;2020-02-24;119.12;TIMEOUT;0.0114;-0.0664;52;56;0.5018;51.0902;237.2515;325.2229;False;False;;0.2462;51.0902;94.9139;US;1.3402;0.082;0.2799;9;106;47;10590489.361702127
MET;A;2019-02-25;35.4638;2020-02-24;34.5072;TIMEOUT;-0.027;-0.0909;52;45;0.6654;22.8645;59.4089;78.1242;False;False;;0.2136;22.8645;29.1276;US;1.3391;0.0389;0.671;9;70;60;29288563.333333332
AMG.AS;B;2019-02-25;28.5596;2019-04-29;22.4086;STOP_C;-0.2154;-0.2862;9;51;0.6368;22.4086;69.228;98.1646;False;False;;0.0195;11.9001;22.4086;AS;2.0279;0.1295;0.1818;8;57;50;1438039.8
MAR;B;2019-02-25;117.7729;2020-02-24;119.12;TIMEOUT;0.0114;-0.0664;52;56;0.5018;94.9139;237.2515;325.2229;False;False;;0.2462;51.0902;94.9139;US;1.3402;0.082;0.2799;9;106;47;10590489.361702127
MET;B;2019-02-25;35.4638;2020-02-24;34.5072;TIMEOUT;-0.027;-0.0909;52;45;0.6654;29.1276;59.4089;78.1242;False;False;;0.2136;22.8645;29.1276;US;1.3391;0.0389;0.671;9;70;60;29288563.333333332
AMG.AS;C;2019-02-25;28.5596;2019-04-29;21.2881;STOP_C_P1;-0.2546;-0.2862;9;51;0.6368;21.2881;69.228;98.1646;False;False;;0.0195;11.9001;22.4086;AS;2.0279;0.1295;0.1818;8;57;50;1438039.8
MAR;C;2019-02-25;117.7729;2019-09-23;117.7729;STOP_C_P2;0.0;-0.0439;30;56;0.5018;117.7729;237.2515;325.2229;False;False;;0.1634;51.0902;94.9139;US;1.3402;0.082;0.2799;9;106;47;10590489.361702127
MET;C;2019-02-25;35.4638;2020-02-24;35.4638;STOP_C_P2;0.0;-0.0909;52;45;0.6654;35.4638;59.4089;78.1242;False;False;;0.2136;22.8645;29.1276;US;1.3391;0.0389;0.671;9;70;60;29288563.333333332
FITB;A;2019-03-04;19.9793;2020-03-02;17.211;TIMEOUT;-0.1386;-0.1518;52;55;0.5593;9.6063;42.1374;57.9388;False;False;;0.2182;9.6063;16.5708;US;1.5081;0.0494;0.2586;10;118;32;31254428.125
FITB;B;2019-03-04;19.9793;2020-03-02;17.211;TIMEOUT;-0.1386;-0.1518;52;55;0.5593;16.5708;42.1374;57.9388;False;False;;0.2182;9.6063;16.5708;US;1.5081;0.0494;0.2586;10;118;32;31254428.125
FITB;C;2019-03-04;19.9793;2019-08-05;19.9793;STOP_C_P2;0.0;-0.0857;22;55;0.5593;19.9793;42.1374;57.9388;False;False;;0.1526;9.6063;16.5708;US;1.5081;0.0494;0.2586;10;118;32;31254428.125
ATCO-B.ST;A;2019-03-11;49.8538;2020-03-09;56.7194;TIMEOUT;0.1377;-0.0226;52;52;0.4561;23.1242;92.927;125.2152;False;False;;0.5572;23.1242;40.6849;ST;1.3109;0.0451;0.8604;21;123;18;16328058.0
CMI;A;2019-03-11;131.6226;2020-03-09;118.004;TIMEOUT;-0.1035;-0.1675;52;58;0.5606;60.5713;257.8625;353.7564;False;False;;0.2131;60.5713;102.7062;US;1.3686;0.2118;0.6748;19;106;39;7722666.666666667
ATCO-B.ST;B;2019-03-11;49.8538;2020-03-09;56.7194;TIMEOUT;0.1377;-0.0226;52;52;0.4561;40.6849;92.927;125.2152;False;False;;0.5572;23.1242;40.6849;ST;1.3109;0.0451;0.8604;21;123;18;16328058.0
CMI;B;2019-03-11;131.6226;2020-03-09;118.004;TIMEOUT;-0.1035;-0.1675;52;58;0.5606;102.7062;257.8625;353.7564;False;False;;0.2131;60.5713;102.7062;US;1.3686;0.2118;0.6748;19;106;39;7722666.666666667
ATCO-B.ST;C;2019-03-11;49.8538;2019-06-03;49.8538;STOP_C_P2;0.0;-0.0226;12;52;0.4561;49.8538;92.927;125.2152;False;False;;0.2642;23.1242;40.6849;ST;1.3109;0.0451;0.8604;21;123;18;16328058.0
CMI;C;2019-03-11;131.6226;2020-02-24;131.6226;STOP_C_P2;0.0;-0.0891;50;58;0.5606;131.6226;257.8625;353.7564;False;False;;0.2131;60.5713;102.7062;US;1.3686;0.2118;0.6748;19;106;39;7722666.666666667
GBLB.BR;A;2019-03-25;61.0115;2020-03-16;40.3355;STOP_P0;-0.3389;-0.3445;51;60;0.5041;40.3355;96.0437;122.3968;False;False;;0.1543;40.3355;53.4044;BR;1.4435;0.0975;0.9702;16;119;28;732402.2857142857
GBLB.BR;B;2019-03-25;61.0115;2020-03-09;53.4044;STOP_C;-0.1247;-0.295;50;60;0.5041;53.4044;96.0437;122.3968;False;False;;0.1543;40.3355;53.4044;BR;1.4435;0.0975;0.9702;16;119;28;732402.2857142857
GBLB.BR;C;2019-03-25;61.0115;2020-02-24;61.0115;STOP_C_P2;0.0;-0.0572;48;60;0.5041;61.0115;96.0437;122.3968;False;False;;0.1543;40.3355;53.4044;BR;1.4435;0.0975;0.9702;16;119;28;732402.2857142857
PCAR;A;2019-04-01;35.4652;2020-03-30;33.1502;TIMEOUT;-0.0653;-0.2549;52;36;0.7411;22.2692;53.0765;69.4905;False;False;;0.2601;22.2692;26.5185;US;1.34;0.0616;0.7113;23;83;38;16584572.368421054
PCAR;B;2019-04-01;35.4652;2020-03-23;26.5185;STOP_C;-0.2523;-0.2549;51;36;0.7411;26.5185;53.0765;69.4905;False;False;;0.2601;22.2692;26.5185;US;1.34;0.0616;0.7113;23;83;38;16584572.368421054
PCAR;C;2019-04-01;35.4652;2020-02-24;39.3268;STOP_C_P3;0.1089;-0.0912;47;36;0.7411;39.3268;53.0765;69.4905;False;False;;0.2601;22.2692;26.5185;US;1.34;0.0616;0.7113;23;83;38;16584572.368421054
IP;A;2019-04-15;29.9326;2020-03-23;19.3032;STOP_P0;-0.3551;-0.3774;49;36;0.7128;19.3032;64.4584;88.1596;False;False;;0.1109;19.3032;26.1098;US;1.3116;0.0165;0.1765;25;105;38;15163984.921052631
OMC;A;2019-04-15;63.2183;2020-03-09;44.2401;STOP_P0;-0.3002;-0.3038;47;42;0.6324;44.2401;83.829;103.7673;False;False;;0.0419;44.2401;51.5688;US;1.7066;0.1048;0.7485;26;68;96;10117185.416666666
URI;A;2019-04-15;130.9236;2020-04-13;101.1289;TIMEOUT;-0.2276;-0.5673;52;47;0.433;40.336;234.6525;323.5843;False;False;;0.2503;40.336;90.7609;US;1.4678;0.1133;0.8314;16;55;95;7237812.631578947
IP;B;2019-04-15;29.9326;2019-08-19;26.1098;STOP_C;-0.1277;-0.1411;18;36;0.7128;26.1098;64.4584;88.1596;False;False;;0.0684;19.3032;26.1098;US;1.3116;0.0165;0.1765;25;105;38;15163984.921052631
OMC;B;2019-04-15;63.2183;2020-03-02;51.5688;STOP_C;-0.1843;-0.1934;46;42;0.6324;51.5688;83.829;103.7673;False;False;;0.0419;44.2401;51.5688;US;1.7066;0.1048;0.7485;26;68;96;10117185.416666666
URI;B;2019-04-15;130.9236;2020-03-09;90.7609;STOP_C;-0.3068;-0.3897;47;47;0.433;90.7609;234.6525;323.5843;False;False;;0.2503;40.336;90.7609;US;1.4678;0.1133;0.8314;16;55;95;7237812.631578947
IP;C;2019-04-15;29.9326;2020-03-02;24.8043;STOP_C_P1;-0.1713;-0.177;46;36;0.7128;24.8043;64.4584;88.1596;False;False;;0.1109;19.3032;26.1098;US;1.3116;0.0165;0.1765;25;105;38;15163984.921052631
OMC;C;2019-04-15;63.2183;2020-03-09;48.9903;STOP_C_P1;-0.2251;-0.3038;47;42;0.6324;48.9903;83.829;103.7673;False;False;;0.0419;44.2401;51.5688;US;1.7066;0.1048;0.7485;26;68;96;10117185.416666666
URI;C;2019-04-15;130.9236;2020-01-27;130.9236;STOP_C_P2;0.0;-0.2507;41;47;0.433;130.9236;234.6525;323.5843;False;False;;0.2503;40.336;90.7609;US;1.4678;0.1133;0.8314;16;55;95;7237812.631578947
SWKS;A;2019-04-29;73.1306;2020-04-27;84.1528;TIMEOUT;0.1507;-0.2392;52;32;0.7038;45.8024;141.8268;191.9909;False;False;;0.4902;45.8024;60.6612;US;1.4134;0.0474;0.4877;12;71;65;10540921.538461538
SWKS;B;2019-04-29;73.1306;2019-05-13;60.6612;STOP_C;-0.1705;-0.2019;2;32;0.7038;60.6612;141.8268;191.9909;False;False;;0.0;45.8024;60.6612;US;1.4134;0.0474;0.4877;12;71;65;10540921.538461538
SWKS;C;2019-04-29;73.1306;2019-05-20;57.6281;STOP_C_P1;-0.212;-0.2385;3;32;0.7038;57.6281;141.8268;191.9909;False;False;;0.0;45.8024;60.6612;US;1.4134;0.0474;0.4877;12;71;65;10540921.538461538
ED;A;2019-05-06;65.8067;2020-05-04;59.1937;TIMEOUT;-0.1005;-0.2478;52;53;0.577;48.6475;84.2192;101.6481;False;False;;0.1477;48.6475;56.0191;US;2.2449;0.0318;0.6168;16;57;57;9592261.403508771
ED;B;2019-05-06;65.8067;2020-03-23;56.0191;STOP_C;-0.1487;-0.2478;46;53;0.577;56.0191;84.2192;101.6481;False;False;;0.1477;48.6475;56.0191;US;2.2449;0.0318;0.6168;16;57;57;9592261.403508771
ED;C;2019-05-06;65.8067;2020-03-23;53.2182;STOP_C_P1;-0.1913;-0.2478;46;53;0.577;53.2182;84.2192;101.6481;False;False;;0.1477;48.6475;56.0191;US;2.2449;0.0318;0.6168;16;57;57;9592261.403508771
SON.LS;A;2019-05-20;0.5848;2020-03-16;0.3717;STOP_P0;-0.3644;-0.4173;43;54;0.5611;0.3717;1.2763;1.716;False;False;;0.1165;0.3717;0.5647;LS;1.3884;0.0512;0.6739;0;80;68;15983758.455882354
SON.LS;B;2019-05-20;0.5848;2019-06-24;0.5647;STOP_C;-0.0344;-0.0432;5;54;0.5611;0.5647;1.2763;1.716;False;False;;0.0699;0.3717;0.5647;LS;1.3884;0.0512;0.6739;0;80;68;15983758.455882354
SON.LS;C;2019-05-20;0.5848;2019-08-12;0.5365;STOP_C_P1;-0.0827;-0.0904;12;54;0.5611;0.5365;1.2763;1.716;False;False;;0.0699;0.3717;0.5647;LS;1.3884;0.0512;0.6739;0;80;68;15983758.455882354
AMG.AS;A;2019-06-24;24.0825;2020-03-09;11.9001;STOP_P0;-0.5059;-0.5339;37;38;0.7491;11.9001;65.9795;94.9161;False;False;;0.0469;11.9001;19.1601;AS;1.5344;0.0547;0.9044;7;57;68;1662091.544117647
AMG.AS;B;2019-06-24;24.0825;2019-07-29;19.1601;STOP_C;-0.2044;-0.2756;5;38;0.7491;19.1601;65.9795;94.9161;False;False;;0.0469;11.9001;19.1601;AS;1.5344;0.0547;0.9044;7;57;68;1662091.544117647
AMG.AS;C;2019-06-24;24.0825;2019-07-29;18.2021;STOP_C_P1;-0.2442;-0.2756;5;38;0.7491;18.2021;65.9795;94.9161;False;False;;0.0469;11.9001;19.1601;AS;1.5344;0.0547;0.9044;7;57;68;1662091.544117647
UAL;A;2019-07-15;93.83;2020-03-02;60.44;STOP_P0;-0.3559;-0.4857;33;51;0.548;60.44;137.8794;175.2894;False;False;;0.0174;60.44;77.35;US;1.3028;0.1818;0.5492;6;43;26;15178069.23076923
UAL;B;2019-07-15;93.83;2020-01-27;77.35;STOP_C;-0.1756;-0.2067;28;51;0.548;77.35;137.8794;175.2894;False;False;;0.0174;60.44;77.35;US;1.3028;0.1818;0.5492;6;43;26;15178069.23076923
UAL;C;2019-07-15;93.83;2020-02-24;73.4825;STOP_C_P1;-0.2169;-0.3517;32;51;0.548;73.4825;137.8794;175.2894;False;False;;0.0174;60.44;77.35;US;1.3028;0.1818;0.5492;6;43;26;15178069.23076923
IP;A;2019-07-22;30.8746;2020-03-23;19.3032;STOP_P0;-0.3748;-0.3964;35;53;0.6392;19.3032;66.2039;89.9051;False;False;;0.077;19.3032;27.8553;US;1.3278;0.0911;0.7623;8;105;69;15530768.0
PHM;A;2019-07-22;29.6508;2020-07-20;40.1774;TIMEOUT;0.355;-0.4575;52;44;0.4634;12.8806;54.2606;73.4658;False;False;;0.496;12.8806;23.1866;US;1.3008;0.1823;0.4244;25;105;53;26042788.679245282
IP;B;2019-07-22;30.8746;2019-08-05;27.8553;STOP_C;-0.0978;-0.1362;2;53;0.6392;27.8553;66.2039;89.9051;False;False;;0.0051;19.3032;27.8553;US;1.3278;0.0911;0.7623;8;105;69;15530768.0
PHM;B;2019-07-22;29.6508;2020-03-16;23.1866;STOP_C;-0.218;-0.4451;34;44;0.4634;23.1866;54.2606;73.4658;False;False;;0.496;12.8806;23.1866;US;1.3008;0.1823;0.4244;25;105;53;26042788.679245282
IP;C;2019-07-22;30.8746;2019-08-12;26.4626;STOP_C_P1;-0.1429;-0.1476;3;53;0.6392;26.4626;66.2039;89.9051;False;False;;0.0051;19.3032;27.8553;US;1.3278;0.0911;0.7623;8;105;69;15530768.0
PHM;C;2019-07-22;29.6508;2020-02-24;39.0338;STOP_C_P3;0.3164;-0.038;31;44;0.4634;39.0338;54.2606;73.4658;False;False;;0.496;12.8806;23.1866;US;1.3008;0.1823;0.4244;25;105;53;26042788.679245282
BLDR;A;2019-07-29;18.87;2020-03-16;9.04;STOP_P0;-0.5209;-0.5231;33;53;0.6706;9.04;36.7703;51.0103;False;False;;0.5066;9.04;13.73;US;1.5794;0.194;0.9817;8;64;71;5630071.830985916
BLDR;B;2019-07-29;18.87;2020-03-16;13.73;STOP_C;-0.2724;-0.5231;33;53;0.6706;13.73;36.7703;51.0103;False;False;;0.5066;9.04;13.73;US;1.5794;0.194;0.9817;8;64;71;5630071.830985916
BLDR;C;2019-07-29;18.87;2020-02-24;25.0184;STOP_C_P3;0.3258;-0.0207;30;53;0.6706;25.0184;36.7703;51.0103;False;False;;0.5066;9.04;13.73;US;1.5794;0.194;0.9817;8;64;71;5630071.830985916
AMGN;A;2019-08-05;158.6302;2020-08-03;199.9761;TIMEOUT;0.2606;-0.0789;52;62;0.4783;99.759;241.9246;308.3667;False;False;;0.3878;99.759;134.4214;US;1.4576;0.0781;0.8161;12;108;24;14686895.833333334
CVNA;A;2019-08-05;15.62;2020-03-16;4.688;STOP_P0;-0.6999;-0.7163;32;35;0.34;4.688;27.0809;36.9109;False;False;;0.4754;4.688;11.176;US;2.0063;0.1394;0.9478;9;21;38;42344960.526315786
AMGN;B;2019-08-05;158.6302;2020-08-03;199.9761;TIMEOUT;0.2606;-0.0789;52;62;0.4783;134.4214;241.9246;308.3667;False;False;;0.3878;99.759;134.4214;US;1.4576;0.0781;0.8161;12;108;24;14686895.833333334
CVNA;B;2019-08-05;15.62;2020-03-09;11.176;STOP_C;-0.2845;-0.4735;31;35;0.34;11.176;27.0809;36.9109;False;False;;0.4754;4.688;11.176;US;2.0063;0.1394;0.9478;9;21;38;42344960.526315786
AMGN;C;2019-08-05;158.6302;2020-03-09;158.6302;STOP_C_P2;0.0;-0.0544;31;62;0.4783;158.6302;241.9246;308.3667;False;False;;0.2656;99.759;134.4214;US;1.4576;0.0781;0.8161;12;108;24;14686895.833333334
CVNA;C;2019-08-05;15.62;2020-01-27;15.62;STOP_C_P2;0.0;-0.1919;25;35;0.34;15.62;27.0809;36.9109;False;False;;0.27;4.688;11.176;US;2.0063;0.1394;0.9478;9;21;38;42344960.526315786
STLD;A;2019-09-09;27.5503;2020-09-07;26.5325;TIMEOUT;-0.0369;-0.519;52;52;0.7087;12.4118;72.8755;104.5433;False;False;;0.141;12.4118;21.637;US;1.41;0.0301;0.8293;15;121;54;11047296.296296297
STLD;B;2019-09-09;27.5503;2020-03-09;21.637;STOP_C;-0.2146;-0.4002;26;52;0.7087;21.637;72.8755;104.5433;False;False;;0.141;12.4118;21.637;US;1.41;0.0301;0.8293;15;121;54;11047296.296296297
STLD;C;2019-09-09;27.5503;2020-03-09;20.5552;STOP_C_P1;-0.2539;-0.4002;26;52;0.7087;20.5552;72.8755;104.5433;False;False;;0.141;12.4118;21.637;US;1.41;0.0301;0.8293;15;121;54;11047296.296296297
AKRBP.OL;A;2019-09-16;154.6208;2020-03-16;62.5254;STOP_P0;-0.5956;-0.6489;26;51;0.5254;62.5254;339.8252;472.3414;False;False;;0.1459;62.5254;125.414;OL;1.5324;0.0468;0.3398;5;67;45;3888839.111111111
COP;A;2019-09-16;47.7422;2020-03-09;22.6769;STOP_P0;-0.525;-0.5397;25;65;0.5744;22.6769;102.7472;141.9292;False;False;;0.1121;22.6769;39.3508;US;1.9641;0.0694;0.3924;4;139;45;32173644.444444444
AKRBP.OL;B;2019-09-16;154.6208;2020-03-02;125.414;STOP_C;-0.1889;-0.1966;24;51;0.5254;125.414;339.8252;472.3414;False;False;;0.1459;62.5254;125.414;OL;1.5324;0.0468;0.3398;5;67;45;3888839.111111111
COP;B;2019-09-16;47.7422;2020-02-24;39.3508;STOP_C;-0.1758;-0.2472;23;65;0.5744;39.3508;102.7472;141.9292;False;False;;0.1121;22.6769;39.3508;US;1.9641;0.0694;0.3924;4;139;45;32173644.444444444
AKRBP.OL;C;2019-09-16;154.6208;2020-03-09;119.1433;STOP_C_P1;-0.2294;-0.5738;25;51;0.5254;119.1433;339.8252;472.3414;False;False;;0.1459;62.5254;125.414;OL;1.5324;0.0468;0.3398;5;67;45;3888839.111111111
COP;C;2019-09-16;47.7422;2020-02-24;37.3833;STOP_C_P1;-0.217;-0.2472;23;65;0.5744;37.3833;102.7472;141.9292;False;False;;0.1121;22.6769;39.3508;US;1.9641;0.0694;0.3924;4;139;45;32173644.444444444
MPC;A;2019-09-23;50.8958;2020-03-09;23.6134;STOP_P0;-0.536;-0.6329;24;55;0.7421;23.6134;109.6938;155.5821;False;False;;0.1158;23.6134;35.4466;US;1.513;0.178;0.9528;6;119;46;33087713.04347826
MPC;B;2019-09-23;50.8958;2020-03-02;35.4466;STOP_C;-0.3035;-0.3792;23;55;0.7421;35.4466;109.6938;155.5821;False;False;;0.1158;23.6134;35.4466;US;1.513;0.178;0.9528;6;119;46;33087713.04347826
MPC;C;2019-09-23;50.8958;2020-03-02;33.6743;STOP_C_P1;-0.3384;-0.3792;23;55;0.7421;33.6743;109.6938;155.5821;False;False;;0.1158;23.6134;35.4466;US;1.513;0.178;0.9528;6;119;46;33087713.04347826
UAL;A;2019-10-14;90.09;2020-03-02;60.44;STOP_P0;-0.3291;-0.4643;20;54;0.548;60.44;137.8794;175.2894;False;False;;0.0563;60.44;77.35;US;1.3016;0.1071;0.837;19;43;26;15178069.23076923
UNH;A;2019-10-14;218.667;2020-10-12;298.9464;TIMEOUT;0.3671;-0.2286;52;49;0.3693;79.169;470.8284;644.9974;False;False;;0.3829;79.169;189.0231;US;1.553;0.1059;0.9596;2;171;43;21935583.720930234
UAL;B;2019-10-14;90.09;2020-01-27;77.35;STOP_C;-0.1414;-0.1737;15;54;0.548;77.35;137.8794;175.2894;False;False;;0.0563;60.44;77.35;US;1.3016;0.1071;0.837;19;43;26;15178069.23076923
UNH;B;2019-10-14;218.667;2020-03-16;189.0231;STOP_C;-0.1356;-0.1773;22;49;0.3693;189.0231;470.8284;644.9974;False;False;;0.2549;79.169;189.0231;US;1.553;0.1059;0.9596;2;171;43;21935583.720930234
UAL;C;2019-10-14;90.09;2020-02-24;73.4825;STOP_C_P1;-0.1843;-0.3248;19;54;0.548;73.4825;137.8794;175.2894;False;False;;0.0563;60.44;77.35;US;1.3016;0.1071;0.837;19;43;26;15178069.23076923
UNH;C;2019-10-14;218.667;2020-03-09;218.667;STOP_C_P2;0.0;-0.013;21;49;0.3693;218.667;470.8284;644.9974;False;False;;0.2549;79.169;189.0231;US;1.553;0.1059;0.9596;2;171;43;21935583.720930234
ABB.ST;A;2019-10-21;192.1727;2020-10-19;216.2613;TIMEOUT;0.1253;-0.2911;52;54;0.5588;126.3055;295.1711;377.1778;False;False;;0.1903;126.3055;162.4844;ST;2.0243;0.0707;0.9949;20;74;102;6512734.147058823
ROL;A;2019-10-21;23.4339;2020-10-19;37.1451;TIMEOUT;0.5851;-0.1939;52;49;0.4066;9.1608;46.3782;63.2079;False;False;;0.5988;9.1608;19.1477;US;1.3944;0.0514;0.6051;8;151;38;9710435.52631579
ABB.ST;B;2019-10-21;192.1727;2020-03-09;162.4844;STOP_C;-0.1545;-0.2209;20;54;0.5588;162.4844;295.1711;377.1778;False;False;;0.1903;126.3055;162.4844;ST;2.0243;0.0707;0.9949;20;74;102;6512734.147058823
ROL;B;2019-10-21;23.4339;2020-03-23;19.1477;STOP_C;-0.1829;-0.1939;22;49;0.4066;19.1477;46.3782;63.2079;False;False;;0.0725;9.1608;19.1477;US;1.3944;0.0514;0.6051;8;151;38;9710435.52631579
ABB.ST;C;2019-10-21;192.1727;2020-03-02;192.1727;STOP_C_P2;0.0;-0.0456;19;54;0.5588;192.1727;295.1711;377.1778;False;False;;0.1903;126.3055;162.4844;ST;2.0243;0.0707;0.9949;20;74;102;6512734.147058823
ROL;C;2019-10-21;23.4339;2020-10-19;37.1451;TIMEOUT;0.5851;-0.1939;52;49;0.4066;32.97;46.3782;63.2079;False;False;;0.5988;9.1608;19.1477;US;1.3944;0.0514;0.6051;8;151;38;9710435.52631579
CVNA;A;2019-11-04;15.592;2020-03-16;4.688;STOP_P0;-0.6993;-0.7158;19;12;0.34;4.688;27.0809;36.9109;False;False;;0.4781;4.688;11.176;US;1.3834;0.1563;0.5508;22;21;38;42344960.526315786
CVNA;B;2019-11-04;15.592;2020-03-09;11.176;STOP_C;-0.2832;-0.4726;18;12;0.34;11.176;27.0809;36.9109;False;False;;0.4781;4.688;11.176;US;1.3834;0.1563;0.5508;22;21;38;42344960.526315786
CVNA;C;2019-11-04;15.592;2020-01-27;15.592;STOP_C_P2;0.0;-0.0487;12;12;0.34;15.592;27.0809;36.9109;False;False;;0.2723;4.688;11.176;US;1.3834;0.1563;0.5508;22;21;38;42344960.526315786
LOW;A;2019-11-18;104.3099;2020-03-16;69.5575;STOP_P0;-0.3332;-0.4901;17;38;0.6714;69.5575;131.4552;163.2524;False;False;;0.077;69.5575;80.0072;US;1.616;0.1017;0.6379;25;21;35;24132354.285714287
LOW;B;2019-11-18;104.3099;2020-03-09;80.0072;STOP_C;-0.233;-0.2489;16;38;0.6714;80.0072;131.4552;163.2524;False;False;;0.077;69.5575;80.0072;US;1.616;0.1017;0.6379;25;21;35;24132354.285714287
LOW;C;2019-11-18;104.3099;2020-03-16;76.0069;STOP_C_P1;-0.2713;-0.4901;17;38;0.6714;76.0069;131.4552;163.2524;False;False;;0.077;69.5575;80.0072;US;1.616;0.1017;0.6379;25;21;35;24132354.285714287
ODFL;A;2019-12-02;59.6182;2020-11-30;101.8865;TIMEOUT_T1;0.709;-0.138;52;39;0.3417;18.1351;101.5158;138.1451;True;False;48;0.7437;18.1351;42.2496;US;7.3414;0.1844;0.3681;26;115;38;8147976.315789473
TFC;A;2019-12-02;39.8676;2020-03-09;27.9931;STOP_P0;-0.2978;-0.462;14;51;0.5704;27.9931;50.867;62.0382;False;False;;0.0494;27.9931;32.7921;US;2.0068;0.0745;0.6419;16;51;64;22568601.5625
ODFL;B;2019-12-02;59.6182;2020-11-30;101.8865;TIMEOUT_T1;0.709;-0.138;52;39;0.3417;42.2496;101.5158;138.1451;True;False;48;0.7437;18.1351;42.2496;US;7.3414;0.1844;0.3681;26;115;38;8147976.315789473
TFC;B;2019-12-02;39.8676;2020-03-02;32.7921;STOP_C;-0.1775;-0.2648;13;51;0.5704;32.7921;50.867;62.0382;False;False;;0.0494;27.9931;32.7921;US;2.0068;0.0745;0.6419;16;51;64;22568601.5625
ODFL;C;2019-12-02;59.6182;2020-03-09;59.6182;STOP_C_P2;0.0;-0.1082;14;39;0.3417;59.6182;101.5158;138.1451;False;False;;0.2328;18.1351;42.2496;US;7.3414;0.1844;0.3681;26;115;38;8147976.315789473
TFC;C;2019-12-02;39.8676;2020-03-02;31.1525;STOP_C_P1;-0.2186;-0.2648;13;51;0.5704;31.1525;50.867;62.0382;False;False;;0.0494;27.9931;32.7921;US;2.0068;0.0745;0.6419;16;51;64;22568601.5625
EMR;A;2019-12-16;65.9597;2020-12-14;72.1009;TIMEOUT;0.0931;-0.5017;52;51;0.5236;31.4216;104.6699;139.6428;False;False;;0.1234;31.4216;48.0836;US;1.3419;0.1646;0.4812;18;141;45;17360000.0
MMM;A;2019-12-16;116.4508;2020-03-23;79.2724;STOP_P0;-0.3193;-0.3438;14;38;0.7345;79.2724;236.1421;319.4297;False;False;;0.0409;79.2724;101.3828;US;1.3912;0.0429;0.9863;16;126;83;15587407.481927712
RCL;A;2019-12-16;126.22;2020-03-09;57.7834;STOP_P0;-0.5422;-0.7796;12;50;0.4322;57.7834;203.7704;270.5607;False;False;;0.0323;57.7834;95.7036;US;1.341;0.1747;0.8044;8;83;90;8155987.777777778
SYF;A;2019-12-16;31.2198;2020-03-09;20.8588;STOP_P0;-0.3319;-0.4068;12;40;0.5468;20.8588;45.9803;58.1091;False;False;;0.0011;20.8588;26.3557;US;1.4374;0.0239;0.2634;16;38;82;29398937.80487805
TGS.OL;A;2019-12-16;191.3302;2020-10-26;63.148;STOP_P0;-0.67;-0.6712;45;53;0.5861;63.148;421.9886;598.5913;False;False;;0.0225;63.148;136.2454;OL;1.3511;0.3025;0.0;18;133;53;1841728.9433962265
WYNN;A;2019-12-16;132.1055;2020-03-16;43.6556;STOP_P0;-0.6695;-0.7382;13;43;0.624;43.6556;325.6151;467.0164;False;False;;0.1113;43.6556;96.8279;US;1.3405;0.1074;0.7631;18;106;81;13012672.839506174
EMR;B;2019-12-16;65.9597;2020-03-09;48.0836;STOP_C;-0.271;-0.4045;12;51;0.5236;48.0836;104.6699;139.6428;False;False;;0.0277;31.4216;48.0836;US;1.3419;0.1646;0.4812;18;141;45;17360000.0
MMM;B;2019-12-16;116.4508;2020-02-24;101.3828;STOP_C;-0.1294;-0.1601;10;38;0.7345;101.3828;236.1421;319.4297;False;False;;0.0409;79.2724;101.3828;US;1.3912;0.0429;0.9863;16;126;83;15587407.481927712
RCL;B;2019-12-16;126.22;2020-02-24;95.7036;STOP_C;-0.2418;-0.4622;10;50;0.4322;95.7036;203.7704;270.5607;False;False;;0.0323;57.7834;95.7036;US;1.341;0.1747;0.8044;8;83;90;8155987.777777778
SYF;B;2019-12-16;31.2198;2020-02-24;26.3557;STOP_C;-0.1558;-0.2309;10;40;0.5468;26.3557;45.9803;58.1091;False;False;;0.0011;20.8588;26.3557;US;1.4374;0.0239;0.2634;16;38;82;29398937.80487805
TGS.OL;B;2019-12-16;191.3302;2020-03-02;136.2454;STOP_C;-0.2879;-0.2913;11;53;0.5861;136.2454;421.9886;598.5913;False;False;;0.0225;63.148;136.2454;OL;1.3511;0.3025;0.0;18;133;53;1841728.9433962265
WYNN;B;2019-12-16;132.1055;2020-03-02;96.8279;STOP_C;-0.267;-0.3426;11;43;0.624;96.8279;325.6151;467.0164;False;False;;0.1113;43.6556;96.8279;US;1.3405;0.1074;0.7631;18;106;81;13012672.839506174
EMR;C;2019-12-16;65.9597;2020-03-09;45.6794;STOP_C_P1;-0.3075;-0.4045;12;51;0.5236;45.6794;104.6699;139.6428;False;False;;0.0277;31.4216;48.0836;US;1.3419;0.1646;0.4812;18;141;45;17360000.0
MMM;C;2019-12-16;116.4508;2020-03-09;96.3136;STOP_C_P1;-0.1729;-0.25;12;38;0.7345;96.3136;236.1421;319.4297;False;False;;0.0409;79.2724;101.3828;US;1.3912;0.0429;0.9863;16;126;83;15587407.481927712
RCL;C;2019-12-16;126.22;2020-02-24;90.9185;STOP_C_P1;-0.2797;-0.4622;10;50;0.4322;90.9185;203.7704;270.5607;False;False;;0.0323;57.7834;95.7036;US;1.341;0.1747;0.8044;8;83;90;8155987.777777778
SYF;C;2019-12-16;31.2198;2020-02-24;25.0379;STOP_C_P1;-0.198;-0.2309;10;40;0.5468;25.0379;45.9803;58.1091;False;False;;0.0011;20.8588;26.3557;US;1.4374;0.0239;0.2634;16;38;82;29398937.80487805
TGS.OL;C;2019-12-16;191.3302;2020-03-09;129.4331;STOP_C_P1;-0.3235;-0.5837;12;53;0.5861;129.4331;421.9886;598.5913;False;False;;0.0225;63.148;136.2454;OL;1.3511;0.3025;0.0;18;133;53;1841728.9433962265
WYNN;C;2019-12-16;132.1055;2020-03-02;91.9865;STOP_C_P1;-0.3037;-0.3426;11;43;0.624;91.9865;325.6151;467.0164;False;False;;0.1113;43.6556;96.8279;US;1.3405;0.1074;0.7631;18;106;81;13012672.839506174
ASRNL.AS;A;2020-01-06;23.6031;2021-01-04;23.8464;TIMEOUT;0.0103;-0.4886;52;49;0.4111;9.6598;48.3815;65.9276;False;False;;0.0692;9.6598;19.9919;AS;1.6233;0.0376;0.6667;21;116;45;2012775.6
ASRNL.AS;B;2020-01-06;23.6031;2020-02-24;19.9919;STOP_C;-0.153;-0.1571;7;49;0.4111;19.9919;48.3815;65.9276;False;False;;0.0692;9.6598;19.9919;AS;1.6233;0.0376;0.6667;21;116;45;2012775.6
ASRNL.AS;C;2020-01-06;23.6031;2020-03-02;18.9924;STOP_C_P1;-0.1953;-0.2376;8;49;0.4111;18.9924;48.3815;65.9276;False;False;;0.0692;9.6598;19.9919;AS;1.6233;0.0376;0.6667;21;116;45;2012775.6
MS;A;2020-01-13;46.8251;2021-01-11;63.1032;TIMEOUT;0.3476;-0.5239;52;49;0.5146;17.3235;77.9893;106.8313;False;False;;0.3822;17.3235;31.3228;US;1.518;0.3553;0.9891;22;89;74;52222617.567567565
PNC;A;2020-01-13;120.9956;2021-01-11;127.152;TIMEOUT;0.0509;-0.4822;52;26;0.4026;55.4263;202.3577;268.6799;False;False;;0.1043;55.4263;95.0482;US;1.4976;0.1104;0.31;21;87;77;10784325.974025974
RJF;A;2020-01-13;58.1703;2021-01-11;63.4826;TIMEOUT;0.0913;-0.4369;52;52;0.4892;26.6582;97.7393;131.1292;False;False;;0.1151;26.6582;43.7144;US;1.4628;0.1399;0.9361;22;98;64;6882124.21875
MS;B;2020-01-13;46.8251;2020-03-09;31.3228;STOP_C;-0.3311;-0.4538;8;49;0.5146;31.3228;77.9893;106.8313;False;False;;0.0;17.3235;31.3228;US;1.518;0.3553;0.9891;22;89;74;52222617.567567565
PNC;B;2020-01-13;120.9956;2020-03-02;95.0482;STOP_C;-0.2144;-0.2689;7;26;0.4026;95.0482;202.3577;268.6799;False;False;;0.0232;55.4263;95.0482;US;1.4976;0.1104;0.31;21;87;77;10784325.974025974
RJF;B;2020-01-13;58.1703;2020-03-02;43.7144;STOP_C;-0.2485;-0.2703;7;52;0.4892;43.7144;97.7393;131.1292;False;False;;0.0642;26.6582;43.7144;US;1.4628;0.1399;0.9361;22;98;64;6882124.21875
MS;C;2020-01-13;46.8251;2020-03-09;29.7567;STOP_C_P1;-0.3645;-0.4538;8;49;0.5146;29.7567;77.9893;106.8313;False;False;;0.0;17.3235;31.3228;US;1.518;0.3553;0.9891;22;89;74;52222617.567567565
PNC;C;2020-01-13;120.9956;2020-03-02;90.2958;STOP_C_P1;-0.2537;-0.2689;7;26;0.4026;90.2958;202.3577;268.6799;False;False;;0.0232;55.4263;95.0482;US;1.4976;0.1104;0.31;21;87;77;10784325.974025974
RJF;C;2020-01-13;58.1703;2020-03-09;41.5287;STOP_C_P1;-0.2861;-0.3893;8;52;0.4892;41.5287;97.7393;131.1292;False;False;;0.0642;26.6582;43.7144;US;1.4628;0.1399;0.9361;22;98;64;6882124.21875
NTRS;A;2020-01-20;83.4918;2021-01-18;80.4177;TIMEOUT;-0.0368;-0.3971;52;49;0.4638;41.0421;149.496;199.8425;False;False;;0.0278;41.0421;68.0355;US;1.3067;0.0924;0.0698;21;128;57;6118650.8771929825
NTRS;B;2020-01-20;83.4918;2020-03-02;68.0355;STOP_C;-0.1851;-0.2488;6;49;0.4638;68.0355;149.496;199.8425;False;False;;0.0278;41.0421;68.0355;US;1.3067;0.0924;0.0698;21;128;57;6118650.8771929825
NTRS;C;2020-01-20;83.4918;2020-03-02;64.6337;STOP_C_P1;-0.2259;-0.2488;6;49;0.4638;64.6337;149.496;199.8425;False;False;;0.0278;41.0421;68.0355;US;1.3067;0.0924;0.0698;21;128;57;6118650.8771929825
EQNR.OL;A;2020-01-27;116.1785;2021-01-25;112.7802;TIMEOUT;-0.0293;-0.4218;52;50;0.5718;55.747;255.3422;352.8846;False;False;;0.0682;55.747;97.5186;OL;1.5704;0.0309;0.0;24;140;46;14226224.130434783
ROL;A;2020-01-27;23.2652;2021-01-25;33.4492;TIMEOUT;0.4377;-0.188;52;42;0.4066;9.1608;46.3782;63.2079;False;False;;0.7163;9.1608;19.1477;US;1.564;0.0994;0.7931;22;151;38;9710435.52631579
EQNR.OL;B;2020-01-27;116.1785;2020-03-02;97.5186;STOP_C;-0.1606;-0.1664;5;50;0.5718;97.5186;255.3422;352.8846;False;False;;0.0494;55.747;97.5186;OL;1.5704;0.0309;0.0;24;140;46;14226224.130434783
ROL;B;2020-01-27;23.2652;2020-03-23;19.1477;STOP_C;-0.177;-0.188;8;42;0.4066;19.1477;46.3782;63.2079;False;False;;0.0802;9.1608;19.1477;US;1.564;0.0994;0.7931;22;151;38;9710435.52631579
EQNR.OL;C;2020-01-27;116.1785;2020-03-09;92.6426;STOP_C_P1;-0.2026;-0.4038;6;50;0.5718;92.6426;255.3422;352.8846;False;False;;0.0494;55.747;97.5186;OL;1.5704;0.0309;0.0;24;140;46;14226224.130434783
ROL;C;2020-01-27;23.2652;2020-11-23;35.1393;STOP_C_P3;0.5104;-0.188;43;42;0.4066;35.1393;46.3782;63.2079;False;False;;0.7163;9.1608;19.1477;US;1.564;0.0994;0.7931;22;151;38;9710435.52631579
OMC;A;2020-02-10;61.5168;2020-03-09;49.5255;STOP_P0;-0.1949;-0.2846;4;52;0.5644;49.5255;83.0843;99.426;False;False;;0.0119;49.5255;56.6434;US;1.7454;0.0455;0.5413;18;50;12;7905375.0
OMC;B;2020-02-10;61.5168;2020-02-24;56.6434;STOP_C;-0.0792;-0.1418;2;52;0.5644;56.6434;83.0843;99.426;False;False;;0.0119;49.5255;56.6434;US;1.7454;0.0455;0.5413;18;50;12;7905375.0
OMC;C;2020-02-10;61.5168;2020-02-24;53.8112;STOP_C_P1;-0.1253;-0.1418;2;52;0.5644;53.8112;83.0843;99.426;False;False;;0.0119;49.5255;56.6434;US;1.7454;0.0455;0.5413;18;50;12;7905375.0
IR;A;2020-02-17;38.3857;2020-03-16;18.7476;STOP_P0;-0.5116;-0.5594;4;46;0.5723;18.7476;52.2939;68.6923;False;False;;0.0;18.7476;25.7614;US;1.445;0.1408;0.8754;24;37;84;7108896.428571428
IR;B;2020-02-17;38.3857;2020-03-02;25.7614;STOP_C;-0.3289;-0.3608;2;46;0.5723;25.7614;52.2939;68.6923;False;False;;0.0;18.7476;25.7614;US;1.445;0.1408;0.8754;24;37;84;7108896.428571428
IR;C;2020-02-17;38.3857;2020-03-09;24.4733;STOP_C_P1;-0.3624;-0.4848;3;46;0.5723;24.4733;52.2939;68.6923;False;False;;0.0;18.7476;25.7614;US;1.445;0.1408;0.8754;24;37;84;7108896.428571428
URI;A;2020-02-24;127.535;2020-03-09;96.8642;STOP_P0;-0.2405;-0.3735;2;31;0.7447;96.8642;259.3868;346.143;False;False;;0.0463;96.8642;119.0154;US;1.301;0.0708;0.4351;0;38;102;6976758.823529412
URI;B;2020-02-24;127.535;2020-03-02;119.0154;STOP_C;-0.0668;-0.1572;1;31;0.7447;119.0154;259.3868;346.143;False;False;;0.0463;96.8642;119.0154;US;1.301;0.0708;0.4351;0;38;102;6976758.823529412
URI;C;2020-02-24;127.535;2020-03-02;113.0646;STOP_C_P1;-0.1135;-0.1572;1;31;0.7447;113.0646;259.3868;346.143;False;False;;0.0463;96.8642;119.0154;US;1.301;0.0708;0.4351;0;38;102;6976758.823529412
RVTY;A;2020-04-13;82.4152;2021-04-12;131.5156;TIMEOUT_T1;0.5958;-0.0198;52;65;0.5927;38.2787;155.931;214.0213;True;False;38;0.9478;38.2787;61.9411;US;1.3262;0.0738;0.9429;3;139;77;3450405.1948051946
RVTY;B;2020-04-13;82.4152;2021-04-12;131.5156;TIMEOUT_T1;0.5958;-0.0198;52;65;0.5927;61.9411;155.931;214.0213;True;False;38;0.9478;38.2787;61.9411;US;1.3262;0.0738;0.9429;3;139;77;3450405.1948051946
RVTY;C;2020-04-13;82.4152;2020-11-09;123.8591;STOP_C_P3;0.5029;-0.0198;30;65;0.5927;123.8591;155.931;214.0213;False;False;;0.7078;38.2787;61.9411;US;1.3262;0.0738;0.9429;3;139;77;3450405.1948051946
WDAY;A;2020-05-18;168.15;2021-05-17;231.42;TIMEOUT_T1;0.3763;-0.0326;52;54;0.5406;65.79;255.5219;346.8519;True;False;31;0.6817;65.79;107.75;US;1.4271;0.1151;0.9257;9;88;80;9804403.75
WDAY;B;2020-05-18;168.15;2021-05-17;231.42;TIMEOUT_T1;0.3763;-0.0326;52;54;0.5406;107.75;255.5219;346.8519;True;False;31;0.6817;65.79;107.75;US;1.4271;0.1151;0.9257;9;88;80;9804403.75
WDAY;C;2020-05-18;168.15;2020-08-03;176.0;STOP_C_P3;0.0467;-0.0326;11;54;0.5406;176.0;255.5219;346.8519;False;False;;0.1894;65.79;107.75;US;1.4271;0.1151;0.9257;9;88;80;9804403.75
CBRE;A;2020-06-01;54.02;2021-05-31;87.97;TIMEOUT_T1;0.6285;-0.2405;52;61;0.6284;22.74;77.8324;105.5224;True;False;38;0.6699;22.74;33.03;US;1.6013;0.1835;0.8663;3;128;94;8357110.638297873
RJF;A;2020-06-01;49.433;2021-05-31;81.9292;TIMEOUT;0.6574;-0.1968;52;36;0.7317;22.746;93.1108;130.4129;False;False;;0.7341;22.746;32.7559;US;1.6547;0.1073;0.7278;10;119;96;7101721.875
CBRE;B;2020-06-01;54.02;2021-05-31;87.97;TIMEOUT_T1;0.6285;-0.2405;52;61;0.6284;33.03;77.8324;105.5224;True;False;38;0.6699;22.74;33.03;US;1.6013;0.1835;0.8663;3;128;94;8357110.638297873
RJF;B;2020-06-01;49.433;2021-05-31;81.9292;TIMEOUT;0.6574;-0.1968;52;36;0.7317;32.7559;93.1108;130.4129;False;False;;0.7341;22.746;32.7559;US;1.6547;0.1073;0.7278;10;119;96;7101721.875
CBRE;C;2020-06-01;54.02;2021-01-04;59.576;STOP_C_P3;0.1029;-0.2405;31;61;0.6284;59.576;77.8324;105.5224;False;False;;0.2532;22.74;33.03;US;1.6013;0.1835;0.8663;3;128;94;8357110.638297873
RJF;C;2020-06-01;49.433;2021-05-31;81.9292;TIMEOUT;0.6574;-0.1968;52;36;0.7317;75.435;93.1108;130.4129;False;False;;0.7341;22.746;32.7559;US;1.6547;0.1073;0.7278;10;119;96;7101721.875
SAND.ST;A;2020-06-08;127.5893;2021-06-07;189.5263;TIMEOUT;0.4854;-0.0482;52;48;0.4842;48.1791;230.0757;315.3216;False;False;;0.569;48.1791;92.1478;ST;1.3169;0.0677;0.0762;12;136;81;16529079.111111112
SAND.ST;B;2020-06-08;127.5893;2021-06-07;189.5263;TIMEOUT;0.4854;-0.0482;52;48;0.4842;92.1478;230.0757;315.3216;False;False;;0.569;48.1791;92.1478;ST;1.3169;0.0677;0.0762;12;136;81;16529079.111111112
SAND.ST;C;2020-06-08;127.5893;2020-11-02;127.5893;STOP_C_P2;0.0;-0.0482;21;48;0.4842;127.5893;230.0757;315.3216;False;False;;0.201;48.1791;92.1478;ST;1.3169;0.0677;0.0762;12;136;81;16529079.111111112
GDDY;A;2020-06-22;71.56;2021-06-21;86.89;TIMEOUT;0.2142;-0.0707;52;37;0.732;23.88;139.0936;200.1836;False;False;;0.31;23.88;40.25;US;1.6302;0.2296;0.0069;14;138;76;7740401.315789473
KKR;A;2020-06-22;27.9484;2021-06-21;58.1346;TIMEOUT_T1;1.0801;-0.0118;52;57;0.6728;8.9555;42.5541;59.8264;True;False;33;1.09;8.9555;14.6075;US;2.6608;0.1791;0.119;14;136;78;17833857.692307692
GDDY;B;2020-06-22;71.56;2021-06-21;86.89;TIMEOUT;0.2142;-0.0707;52;37;0.732;40.25;139.0936;200.1836;False;False;;0.31;23.88;40.25;US;1.6302;0.2296;0.0069;14;138;76;7740401.315789473
KKR;B;2020-06-22;27.9484;2021-06-21;58.1346;TIMEOUT_T1;1.0801;-0.0118;52;57;0.6728;14.6075;42.5541;59.8264;True;False;33;1.09;8.9555;14.6075;US;2.6608;0.1791;0.119;14;136;78;17833857.692307692
GDDY;C;2020-06-22;71.56;2020-09-14;71.56;STOP_C_P2;0.0;-0.0707;12;37;0.732;71.56;139.0936;200.1836;False;False;;0.2437;23.88;40.25;US;1.6302;0.2296;0.0069;14;138;76;7740401.315789473
KKR;C;2020-06-22;27.9484;2021-06-21;58.1346;TIMEOUT_T1;1.0801;-0.0118;52;57;0.6728;51.4027;42.5541;59.8264;True;False;33;1.09;8.9555;14.6075;US;2.6608;0.1791;0.119;14;136;78;17833857.692307692
ON;A;2020-07-06;20.49;2021-07-05;37.75;TIMEOUT;0.8424;-0.0361;52;47;0.5062;6.97;49.4803;69.6103;False;False;;1.1762;6.97;16.91;US;1.807;0.0328;0.7228;19;109;102;31101311.76470588
ON;B;2020-07-06;20.49;2021-07-05;37.75;TIMEOUT;0.8424;-0.0361;52;47;0.5062;16.91;49.4803;69.6103;False;False;;1.1762;6.97;16.91;US;1.807;0.0328;0.7228;19;109;102;31101311.76470588
ON;C;2020-07-06;20.49;2021-01-25;34.6984;STOP_C_P3;0.6934;-0.0361;29;47;0.5062;34.6984;49.4803;69.6103;False;False;;0.9244;6.97;16.91;US;1.807;0.0328;0.7228;19;109;102;31101311.76470588
BLDR;A;2020-08-10;30.27;2021-08-09;51.76;TIMEOUT_T1;0.7099;-0.0872;52;81;0.5142;10.15;48.607;66.887;True;False;34;0.7836;10.15;19.03;US;5.2104;0.3953;0.668;5;60;20;7265945.0
BLDR;B;2020-08-10;30.27;2021-08-09;51.76;TIMEOUT_T1;0.7099;-0.0872;52;81;0.5142;19.03;48.607;66.887;True;False;34;0.7836;10.15;19.03;US;5.2104;0.3953;0.668;5;60;20;7265945.0
BLDR;C;2020-08-10;30.27;2021-01-25;38.2624;STOP_C_P3;0.264;-0.0872;24;81;0.5142;38.2624;48.607;66.887;False;False;;0.4364;10.15;19.03;US;5.2104;0.3953;0.668;5;60;20;7265945.0
CBRE;A;2020-10-26;50.4;2021-10-25;105.5224;TARGET_2;1.0937;0.0;52;46;0.6284;22.74;77.8324;105.5224;True;True;17;1.1044;22.74;33.03;US;1.3539;0.1298;0.8732;24;128;94;8357110.638297873
CBRE;B;2020-10-26;50.4;2021-10-25;105.5224;TARGET_2;1.0937;0.0;52;46;0.6284;33.03;77.8324;105.5224;True;True;17;1.1044;22.74;33.03;US;1.3539;0.1298;0.8732;24;128;94;8357110.638297873
CBRE;C;2020-10-26;50.4;2021-01-04;59.576;STOP_C_P3;0.1821;0.0;10;46;0.6284;59.576;77.8324;105.5224;False;False;;0.3433;22.74;33.03;US;1.3539;0.1298;0.8732;24;128;94;8357110.638297873
ELV;A;2020-11-02;288.9448;2021-11-01;394.0095;TIMEOUT;0.3636;-0.0844;52;36;0.33;99.6793;528.002;715.2036;False;False;;0.4213;99.6793;225.1099;US;1.4932;0.0539;0.6736;6;159;82;7977291.463414635
ELV;B;2020-11-02;288.9448;2021-11-01;394.0095;TIMEOUT;0.3636;-0.0844;52;36;0.33;225.1099;528.002;715.2036;False;False;;0.4213;99.6793;225.1099;US;1.4932;0.0539;0.6736;6;159;82;7977291.463414635
ELV;C;2020-11-02;288.9448;2021-11-01;394.0095;TIMEOUT;0.3636;-0.0844;52;36;0.33;288.9448;528.002;715.2036;False;False;;0.4213;99.6793;225.1099;US;1.4932;0.0539;0.6736;6;159;82;7977291.463414635
ZS;A;2020-11-30;180.75;2021-11-15;366.3535;TARGET_2;1.0269;-0.1312;50;73;0.4625;69.83;272.3835;366.3535;True;True;38;1.0808;69.83;120.34;US;2.7171;0.1707;0.8077;3;14;10;10422400.0
ZS;B;2020-11-30;180.75;2021-11-15;366.3535;TARGET_2;1.0269;-0.1312;50;73;0.4625;120.34;272.3835;366.3535;True;True;38;1.0808;69.83;120.34;US;2.7171;0.1707;0.8077;3;14;10;10422400.0
ZS;C;2020-11-30;180.75;2021-01-25;191.84;STOP_C_P3;0.0614;-0.048;8;73;0.4625;191.84;272.3835;366.3535;False;False;;0.2393;69.83;120.34;US;2.7171;0.1707;0.8077;3;14;10;10422400.0
ALFA.ST;A;2021-03-15;245.7364;2022-03-14;292.2583;TIMEOUT;0.1893;-0.0459;52;13;0.3592;99.2912;368.8991;488.2586;False;False;;0.4502;99.2912;175.7754;ST;1.3402;0.2276;0.39;25;138;103;5326685.8737864075
ALFA.ST;B;2021-03-15;245.7364;2022-03-14;292.2583;TIMEOUT;0.1893;-0.0459;52;13;0.3592;175.7754;368.8991;488.2586;False;False;;0.4502;99.2912;175.7754;ST;1.3402;0.2276;0.39;25;138;103;5326685.8737864075
ALFA.ST;C;2021-03-15;245.7364;2021-09-27;298.0323;STOP_C_P3;0.2128;-0.0459;28;13;0.3592;298.0323;368.8991;488.2586;False;False;;0.3782;99.2912;175.7754;ST;1.3402;0.2276;0.39;25;138;103;5326685.8737864075
AZN;A;2021-03-22;91.1631;2022-03-21;120.1426;TIMEOUT;0.3179;-0.047;52;47;0.5691;63.3376;166.6879;217.1302;False;False;;0.3367;63.3376;85.0723;US;1.4185;0.0212;0.7673;13;18;22;15500534.090909092
AZN;B;2021-03-22;91.1631;2022-03-21;120.1426;TIMEOUT;0.3179;-0.047;52;47;0.5691;85.0723;166.6879;217.1302;False;False;;0.3367;63.3376;85.0723;US;1.4185;0.0212;0.7673;13;18;22;15500534.090909092
AZN;C;2021-03-22;91.1631;2022-03-21;120.1426;TIMEOUT;0.3179;-0.047;52;47;0.5691;91.1631;166.6879;217.1302;False;False;;0.3367;63.3376;85.0723;US;1.4185;0.0212;0.7673;13;18;22;15500534.090909092
ESSITY-B.ST;A;2021-04-19;237.9996;2022-04-18;234.0263;TIMEOUT;-0.0167;-0.219;52;45;0.5108;161.5138;380.3471;484.1975;False;False;;0.1167;161.5138;212.3171;ST;1.4904;0.0285;0.0496;8;63;58;8662233.672413792
ESSITY-B.ST;B;2021-04-19;237.9996;2022-02-21;212.3171;STOP_C;-0.1079;-0.1347;44;45;0.5108;212.3171;380.3471;484.1975;False;False;;0.1167;161.5138;212.3171;ST;1.4904;0.0285;0.0496;8;63;58;8662233.672413792
ESSITY-B.ST;C;2021-04-19;237.9996;2022-02-28;201.7013;STOP_C_P1;-0.1525;-0.1873;45;45;0.5108;201.7013;380.3471;484.1975;False;False;;0.1167;161.5138;212.3171;ST;1.4904;0.0285;0.0496;8;63;58;8662233.672413792
ADBE;A;2021-06-14;565.59;2022-06-13;360.79;TIMEOUT;-0.3621;-0.4024;52;42;0.4121;255.13;876.6515;1158.4015;False;False;;0.2368;255.13;420.78;US;1.4326;0.2293;0.8714;14;24;27;13344588.888888888
PLD;A;2021-06-14;103.5228;2022-06-13;97.5761;TIMEOUT_T1;-0.0574;-0.0908;52;51;0.4879;64.8043;130.5019;161.3447;True;False;22;0.4801;64.8043;80.5983;US;1.4965;0.1466;0.0222;15;31;16;13061237.5
ADBE;B;2021-06-14;565.59;2022-02-21;420.78;STOP_C;-0.256;-0.2631;36;42;0.4121;420.78;876.6515;1158.4015;False;False;;0.2368;255.13;420.78;US;1.4326;0.2293;0.8714;14;24;27;13344588.888888888
PLD;B;2021-06-14;103.5228;2022-06-13;97.5761;TIMEOUT_T1;-0.0574;-0.0908;52;51;0.4879;80.5983;130.5019;161.3447;True;False;22;0.4801;64.8043;80.5983;US;1.4965;0.1466;0.0222;15;31;16;13061237.5
ADBE;C;2021-06-14;565.59;2021-10-04;565.59;STOP_C_P2;0.0;-0.0238;16;42;0.4121;565.59;876.6515;1158.4015;False;False;;0.1915;255.13;420.78;US;1.4326;0.2293;0.8714;14;24;27;13344588.888888888
PLD;C;2021-06-14;103.5228;2022-01-24;130.6013;STOP_C_P3;0.2616;-0.0035;32;51;0.4879;130.6013;130.5019;161.3447;True;False;22;0.4336;64.8043;80.5983;US;1.4965;0.1466;0.0222;15;31;16;13061237.5
WDAY;A;2021-08-23;269.28;2022-08-22;166.46;TIMEOUT;-0.3818;-0.502;52;47;0.3724;107.75;500.7823;675.8023;False;False;;0.1431;107.75;217.6;US;1.8073;0.1415;0.8561;14;48;13;7944446.153846154
WDAY;B;2021-08-23;269.28;2022-02-14;217.6;STOP_C;-0.1919;-0.2119;25;47;0.3724;217.6;500.7823;675.8023;False;False;;0.1431;107.75;217.6;US;1.8073;0.1415;0.8561;14;48;13;7944446.153846154
WDAY;C;2021-08-23;269.28;2022-02-21;206.72;STOP_C_P1;-0.2323;-0.2354;26;47;0.3724;206.72;500.7823;675.8023;False;False;;0.1431;107.75;217.6;US;1.8073;0.1415;0.8561;14;48;13;7944446.153846154
ADYEN.AS;A;2021-09-27;2421.5;2022-09-26;1301.8;TIMEOUT;-0.4624;-0.5259;52;28;0.3713;664.4;4161.5788;5718.1787;False;False;;0.1708;664.4;1643.0;AS;1.3674;0.2145;0.1499;20;48;12;346382.8333333333
ADYEN.AS;B;2021-09-27;2421.5;2022-01-24;1643.0;STOP_C;-0.3215;-0.3293;17;28;0.3713;1643.0;4161.5788;5718.1787;False;False;;0.1708;664.4;1643.0;AS;1.3674;0.2145;0.1499;20;48;12;346382.8333333333
ADYEN.AS;C;2021-09-27;2421.5;2021-11-22;2421.5;STOP_C_P2;0.0;-0.046;8;28;0.3713;2421.5;4161.5788;5718.1787;False;False;;0.1708;664.4;1643.0;AS;1.3674;0.2145;0.1499;20;48;12;346382.8333333333
FCX;A;2021-10-11;36.139;2022-10-10;26.3037;TIMEOUT;-0.2722;-0.3503;52;38;0.3483;4.4792;91.7619;130.2183;False;False;;0.35;4.4792;29.5394;US;1.3124;0.1227;0.919;8;60;14;102215900.0
FCX;B;2021-10-11;36.139;2022-06-20;29.5394;STOP_C;-0.1826;-0.248;36;38;0.3483;29.5394;91.7619;130.2183;False;False;;0.35;4.4792;29.5394;US;1.3124;0.1227;0.919;8;60;14;102215900.0
FCX;C;2021-10-11;36.139;2022-01-24;36.139;STOP_C_P2;0.0;-0.0927;15;38;0.3483;36.139;91.7619;130.2183;False;False;;0.1996;4.4792;29.5394;US;1.3124;0.1227;0.919;8;60;14;102215900.0
MAS;A;2021-10-25;59.9556;2022-10-24;43.9043;TIMEOUT;-0.2677;-0.3419;52;45;0.3208;24.2714;111.4298;149.371;False;False;;0.0879;24.2714;50.0408;US;1.3536;0.0985;0.8954;4;59;20;10025740.0
MAS;B;2021-10-25;59.9556;2022-02-21;50.0408;STOP_C;-0.1654;-0.1752;17;45;0.3208;50.0408;111.4298;149.371;False;False;;0.0879;24.2714;50.0408;US;1.3536;0.0985;0.8954;4;59;20;10025740.0
MAS;C;2021-10-25;59.9556;2022-03-28;47.5387;STOP_C_P1;-0.2071;-0.2233;22;45;0.3208;47.5387;111.4298;149.371;False;False;;0.0879;24.2714;50.0408;US;1.3536;0.0985;0.8954;4;59;20;10025740.0
DHI;A;2021-12-13;98.0101;2022-12-12;86.0405;TIMEOUT;-0.1221;-0.4215;52;36;0.3086;26.3076;199.3912;274.3386;False;False;;0.0579;26.3076;78.1263;US;1.7498;0.1329;0.0883;10;59;21;13913876.19047619
UBER;A;2021-12-13;39.68;2022-03-07;28.39;STOP_P0;-0.2845;-0.2873;12;43;0.7283;28.39;95.7779;131.4379;False;False;;0.1568;28.39;38.08;US;2.0255;0.0352;0.9375;13;32;31;100726983.87096775
DHI;B;2021-12-13;98.0101;2022-01-24;78.1263;STOP_C;-0.2029;-0.2171;6;36;0.3086;78.1263;199.3912;274.3386;False;False;;0.0579;26.3076;78.1263;US;1.7498;0.1329;0.0883;10;59;21;13913876.19047619
UBER;B;2021-12-13;39.68;2021-12-20;38.08;STOP_C;-0.0403;-0.0403;1;43;0.7283;38.08;95.7779;131.4379;False;False;;0.1177;28.39;38.08;US;2.0255;0.0352;0.9375;13;32;31;100726983.87096775
DHI;C;2021-12-13;98.0101;2022-02-21;74.22;STOP_C_P1;-0.2427;-0.2649;10;36;0.3086;74.22;199.3912;274.3386;False;False;;0.0579;26.3076;78.1263;US;1.7498;0.1329;0.0883;10;59;21;13913876.19047619
UBER;C;2021-12-13;39.68;2022-01-17;39.68;STOP_C_P2;0.0;-0.0966;5;43;0.7283;39.68;95.7779;131.4379;False;False;;0.1568;28.39;38.08;US;2.0255;0.0352;0.9375;13;32;31;100726983.87096775
AMG.AS;A;2022-01-10;30.4262;2023-01-09;32.8523;TIMEOUT;0.0797;-0.3493;52;53;0.5066;12.3956;53.9413;73.6177;False;False;;0.2747;12.3956;22.1048;AS;1.3814;0.0876;1.0;11;26;30;1313430.2666666666
AMG.AS;B;2022-01-10;30.4262;2022-06-27;22.1048;STOP_C;-0.2735;-0.2842;24;53;0.5066;22.1048;53.9413;73.6177;False;False;;0.2747;12.3956;22.1048;AS;1.3814;0.0876;1.0;11;26;30;1313430.2666666666
AMG.AS;C;2022-01-10;30.4262;2022-05-02;30.4262;STOP_C_P2;0.0;-0.1711;16;53;0.5066;30.4262;53.9413;73.6177;False;False;;0.2747;12.3956;22.1048;AS;1.3814;0.0876;1.0;11;26;30;1313430.2666666666
IBE.MC;A;2022-01-17;8.3549;2023-01-16;9.2962;TIMEOUT;0.1127;-0.1649;52;43;0.6148;5.9227;13.7529;17.6618;False;False;;0.1523;5.9227;7.4284;MC;1.3176;0.0779;0.7081;18;43;35;61094862.82857143
IBE.MC;B;2022-01-17;8.3549;2022-02-21;7.4284;STOP_C;-0.1109;-0.1198;5;43;0.6148;7.4284;13.7529;17.6618;False;False;;0.0187;5.9227;7.4284;MC;1.3176;0.0779;0.7081;18;43;35;61094862.82857143
IBE.MC;C;2022-01-17;8.3549;2022-03-07;7.0569;STOP_C_P1;-0.1554;-0.1649;7;43;0.6148;7.0569;13.7529;17.6618;False;False;;0.0187;5.9227;7.4284;MC;1.3176;0.0779;0.7081;18;43;35;61094862.82857143
DOW;A;2022-01-24;46.7686;2023-01-23;48.2691;TIMEOUT;0.0321;-0.2595;52;46;0.3529;15.6319;102.8915;141.4151;False;False;;0.2113;15.6319;40.5603;US;1.5991;0.0631;0.8132;8;63;26;24563057.692307692
DOW;B;2022-01-24;46.7686;2022-06-20;40.5603;STOP_C;-0.1327;-0.1412;21;46;0.3529;40.5603;102.8915;141.4151;False;False;;0.2113;15.6319;40.5603;US;1.5991;0.0631;0.8132;8;63;26;24563057.692307692
DOW;C;2022-01-24;46.7686;2022-06-13;46.7686;STOP_C_P2;0.0;-0.0808;20;46;0.3529;46.7686;102.8915;141.4151;False;False;;0.2113;15.6319;40.5603;US;1.5991;0.0631;0.8132;8;63;26;24563057.692307692
DDOG;A;2022-02-07;167.4;2022-10-31;69.73;STOP_P0;-0.5835;-0.5896;38;67;0.6194;69.73;329.441;459.386;False;False;;0.0507;69.73;119.19;US;1.8533;0.3096;0.5262;2;28;10;19900370.0
MEL.MC;A;2022-02-07;6.9158;2023-02-06;5.6327;TIMEOUT;-0.1855;-0.4393;52;58;0.4774;2.7495;11.9866;16.3018;False;False;;0.1375;2.7495;5.0045;MC;1.6742;0.0465;0.8726;7;23;42;4906239.642857143
DDOG;B;2022-02-07;167.4;2022-03-14;119.19;STOP_C;-0.288;-0.3197;5;67;0.6194;119.19;329.441;459.386;False;False;;0.0507;69.73;119.19;US;1.8533;0.3096;0.5262;2;28;10;19900370.0
MEL.MC;B;2022-02-07;6.9158;2022-09-05;5.0045;STOP_C;-0.2764;-0.2822;30;58;0.4774;5.0045;11.9866;16.3018;False;False;;0.1375;2.7495;5.0045;MC;1.6742;0.0465;0.8726;7;23;42;4906239.642857143
DDOG;C;2022-02-07;167.4;2022-05-02;113.2305;STOP_C_P1;-0.3236;-0.3944;12;67;0.6194;113.2305;329.441;459.386;False;False;;0.0507;69.73;119.19;US;1.8533;0.3096;0.5262;2;28;10;19900370.0
MEL.MC;C;2022-02-07;6.9158;2022-09-19;4.7543;STOP_C_P1;-0.3125;-0.3167;32;58;0.4774;4.7543;11.9866;16.3018;False;False;;0.1375;2.7495;5.0045;MC;1.6742;0.0465;0.8726;7;23;42;4906239.642857143
STLD;A;2022-02-28;72.3732;2023-02-27;129.4654;TIMEOUT;0.7889;-0.1857;52;57;0.3895;13.2526;137.4316;193.1558;False;False;;0.794;13.2526;47.2699;US;1.6821;0.2081;0.981;5;73;24;9710850.0
STLD;B;2022-02-28;72.3732;2023-02-27;129.4654;TIMEOUT;0.7889;-0.1857;52;57;0.3895;47.2699;137.4316;193.1558;False;False;;0.794;13.2526;47.2699;US;1.6821;0.2081;0.981;5;73;24;9710850.0
STLD;C;2022-02-28;72.3732;2022-05-09;72.3732;STOP_C_P2;0.0;-0.1108;10;57;0.3895;72.3732;137.4316;193.1558;False;False;;0.3024;13.2526;47.2699;US;1.6821;0.2081;0.981;5;73;24;9710850.0
MEL.MC;A;2022-05-09;6.5636;2023-05-08;5.1124;TIMEOUT;-0.2211;-0.4092;52;40;0.4774;2.7495;11.9866;16.3018;False;False;;0.1287;2.7495;5.0045;MC;1.6224;0.0117;0.1456;20;23;42;4906239.642857143
MEL.MC;B;2022-05-09;6.5636;2022-09-05;5.0045;STOP_C;-0.2375;-0.2436;17;40;0.4774;5.0045;11.9866;16.3018;False;False;;0.1287;2.7495;5.0045;MC;1.6224;0.0117;0.1456;20;23;42;4906239.642857143
MEL.MC;C;2022-05-09;6.5636;2022-09-19;4.7543;STOP_C_P1;-0.2757;-0.28;19;40;0.4774;4.7543;11.9866;16.3018;False;False;;0.1287;2.7495;5.0045;MC;1.6224;0.0117;0.1456;20;23;42;4906239.642857143
ARES;A;2022-07-25;63.2226;2023-07-24;90.4957;TIMEOUT;0.4314;-0.1756;52;31;0.3396;16.5159;155.5086;216.512;False;False;;0.4889;16.5159;56.8049;US;1.4732;0.0125;0.8196;20;86;16;3684756.25
GEST.MC;A;2022-07-25;3.2388;2023-07-24;3.9671;TIMEOUT;0.2249;-0.2053;52;40;0.7059;1.5588;6.854;9.6233;False;False;;0.2795;1.5588;2.3732;MC;1.6401;0.1621;0.8169;20;46;38;2561474.552631579
URI;A;2022-07-25;310.626;2023-07-24;432.7031;TIMEOUT;0.393;-0.2059;52;71;0.5179;56.6533;776.6606;1119.5072;False;False;;0.4986;56.6533;221.9348;US;1.381;0.1134;0.9403;5;86;32;3576687.5
ARES;B;2022-07-25;63.2226;2022-09-19;56.8049;STOP_C;-0.1015;-0.1059;8;31;0.3396;56.8049;155.5086;216.512;False;False;;0.1184;16.5159;56.8049;US;1.4732;0.0125;0.8196;20;86;16;3684756.25
GEST.MC;B;2022-07-25;3.2388;2023-07-24;3.9671;TIMEOUT;0.2249;-0.2053;52;40;0.7059;2.3732;6.854;9.6233;False;False;;0.2795;1.5588;2.3732;MC;1.6401;0.1621;0.8169;20;46;38;2561474.552631579
URI;B;2022-07-25;310.626;2023-07-24;432.7031;TIMEOUT;0.393;-0.2059;52;71;0.5179;221.9348;776.6606;1119.5072;False;False;;0.4986;56.6533;221.9348;US;1.381;0.1134;0.9403;5;86;32;3576687.5
ARES;C;2022-07-25;63.2226;2022-10-10;53.9647;STOP_C_P1;-0.1464;-0.1756;11;31;0.3396;53.9647;155.5086;216.512;False;False;;0.1184;16.5159;56.8049;US;1.4732;0.0125;0.8196;20;86;16;3684756.25
GEST.MC;C;2022-07-25;3.2388;2023-07-24;3.9671;TIMEOUT;0.2249;-0.2053;52;40;0.7059;3.2388;6.854;9.6233;False;False;;0.2795;1.5588;2.3732;MC;1.6401;0.1621;0.8169;20;46;38;2561474.552631579
URI;C;2022-07-25;310.626;2023-07-24;432.7031;TIMEOUT;0.393;-0.2059;52;71;0.5179;310.626;776.6606;1119.5072;False;False;;0.4986;56.6533;221.9348;US;1.381;0.1134;0.9403;5;86;32;3576687.5
APTV;A;2022-08-01;98.41;2023-07-31;106.8;TIMEOUT;0.0853;-0.2078;52;55;0.697;42.11;308.5566;447.2566;False;False;;0.269;42.11;84.14;US;1.6932;0.1588;0.1398;7;84;32;9618803.125
ON;A;2022-08-01;67.63;2023-07-31;102.31;TIMEOUT;0.5128;-0.1878;52;30;0.3411;10.61;148.7017;209.3517;False;False;;0.6465;10.61;50.57;US;1.4271;0.0427;0.7538;12;92;18;34278288.88888889
APTV;B;2022-08-01;98.41;2022-09-19;84.14;STOP_C;-0.145;-0.1671;7;55;0.697;84.14;308.5566;447.2566;False;False;;0.1358;42.11;84.14;US;1.6932;0.1588;0.1398;7;84;32;9618803.125
ON;B;2022-08-01;67.63;2023-07-31;102.31;TIMEOUT;0.5128;-0.1878;52;30;0.3411;50.57;148.7017;209.3517;False;False;;0.6465;10.61;50.57;US;1.4271;0.0427;0.7538;12;92;18;34278288.88888889
APTV;C;2022-08-01;98.41;2022-09-26;79.933;STOP_C_P1;-0.1878;-0.2066;8;55;0.697;79.933;308.5566;447.2566;False;False;;0.1358;42.11;84.14;US;1.6932;0.1588;0.1398;7;84;32;9618803.125
ON;C;2022-08-01;67.63;2023-04-24;67.63;STOP_C_P2;0.0;-0.1878;38;30;0.3411;67.63;148.7017;209.3517;False;False;;0.2945;10.61;50.57;US;1.4271;0.0427;0.7538;12;92;18;34278288.88888889
ADYEN.AS;A;2022-08-15;1617.8;2023-08-14;872.0;TIMEOUT;-0.461;-0.4817;52;39;0.6893;664.4;3666.5788;5223.1787;False;False;;0.0503;664.4;1148.0;AS;1.6579;0.1135;0.2201;9;48;69;380344.4202898551
ADYEN.AS;B;2022-08-15;1617.8;2023-08-14;1148.0;STOP_C;-0.2904;-0.4817;52;39;0.6893;1148.0;3666.5788;5223.1787;False;False;;0.0503;664.4;1148.0;AS;1.6579;0.1135;0.2201;9;48;69;380344.4202898551
ADYEN.AS;C;2022-08-15;1617.8;2023-08-14;1090.6;STOP_C_P1;-0.3259;-0.4817;52;39;0.6893;1090.6;3666.5788;5223.1787;False;False;;0.0503;664.4;1148.0;AS;1.6579;0.1135;0.2201;9;48;69;380344.4202898551
IBKR;A;2022-09-05;16.9372;2023-09-04;23.2677;TIMEOUT;0.3738;-0.0925;52;51;0.596;8.126;31.2697;42.7159;False;False;;0.3755;8.126;12.7498;US;1.5747;0.0825;0.9536;17;50;61;16378091.803278688
IBKR;B;2022-09-05;16.9372;2023-09-04;23.2677;TIMEOUT;0.3738;-0.0925;52;51;0.596;12.7498;31.2697;42.7159;False;False;;0.3755;8.126;12.7498;US;1.5747;0.0825;0.9536;17;50;61;16378091.803278688
IBKR;C;2022-09-05;16.9372;2022-12-12;16.9372;STOP_C_P2;0.0;-0.0925;14;51;0.596;16.9372;31.2697;42.7159;False;False;;0.179;8.126;12.7498;US;1.5747;0.0825;0.9536;17;50;61;16378091.803278688
CAT;A;2022-10-24;207.134;2023-10-23;229.8964;TIMEOUT;0.1099;-0.0602;52;56;0.5039;77.3068;389.8706;537.7173;False;False;;0.3602;77.3068;150.6547;US;1.3364;0.1335;0.9948;4;64;69;16494933.333333334
PCAR;A;2022-10-24;55.1918;2023-10-23;74.6214;TIMEOUT;0.352;-0.0253;52;43;0.4192;26.4244;92.8558;123.0687;False;False;;0.4571;26.4244;43.9713;US;1.4722;0.0164;0.9692;15;43;77;14083375.324675325
POOL;A;2022-10-24;298.8528;2023-10-23;293.729;TIMEOUT;-0.0171;-0.1097;52;58;0.7128;147.3399;899.3982;1294.1289;False;False;;0.3344;147.3399;260.7239;US;1.7126;0.0181;0.9865;1;86;48;1940356.25
ROL;A;2022-10-24;39.6811;2023-10-23;34.6641;TIMEOUT;-0.1264;-0.221;52;50;0.4859;18.8905;63.7516;84.7922;False;False;;0.0864;18.8905;29.708;US;1.5413;0.1672;0.9956;19;33;83;7492420.481927711
SKF-B.ST;A;2022-10-24;143.6319;2023-10-23;162.1506;TIMEOUT;0.1289;-0.0341;52;32;0.7429;93.6068;325.712;449.4926;False;False;;0.3376;93.6068;125.435;ST;1.6233;0.02;0.504;4;54;77;8495089.909090908
CAT;B;2022-10-24;207.134;2023-10-23;229.8964;TIMEOUT;0.1099;-0.0602;52;56;0.5039;150.6547;389.8706;537.7173;False;False;;0.3602;77.3068;150.6547;US;1.3364;0.1335;0.9948;4;64;69;16494933.333333334
PCAR;B;2022-10-24;55.1918;2023-10-23;74.6214;TIMEOUT;0.352;-0.0253;52;43;0.4192;43.9713;92.8558;123.0687;False;False;;0.4571;26.4244;43.9713;US;1.4722;0.0164;0.9692;15;43;77;14083375.324675325
POOL;B;2022-10-24;298.8528;2023-10-23;293.729;TIMEOUT;-0.0171;-0.1097;52;58;0.7128;260.7239;899.3982;1294.1289;False;False;;0.3344;147.3399;260.7239;US;1.7126;0.0181;0.9865;1;86;48;1940356.25
ROL;B;2022-10-24;39.6811;2023-10-23;34.6641;TIMEOUT;-0.1264;-0.221;52;50;0.4859;29.708;63.7516;84.7922;False;False;;0.0864;18.8905;29.708;US;1.5413;0.1672;0.9956;19;33;83;7492420.481927711
SKF-B.ST;B;2022-10-24;143.6319;2023-10-23;162.1506;TIMEOUT;0.1289;-0.0341;52;32;0.7429;125.435;325.712;449.4926;False;False;;0.3376;93.6068;125.435;ST;1.6233;0.02;0.504;4;54;77;8495089.909090908
CAT;C;2022-10-24;207.134;2023-03-13;207.134;STOP_C_P2;0.0;-0.0364;20;56;0.5039;207.134;389.8706;537.7173;False;False;;0.2187;77.3068;150.6547;US;1.3364;0.1335;0.9948;4;64;69;16494933.333333334
PCAR;C;2022-10-24;55.1918;2023-10-23;74.6214;TIMEOUT;0.352;-0.0253;52;43;0.4192;70.7712;92.8558;123.0687;False;False;;0.4571;26.4244;43.9713;US;1.4722;0.0164;0.9692;15;43;77;14083375.324675325
POOL;C;2022-10-24;298.8528;2023-03-20;298.8528;STOP_C_P2;0.0;-0.1097;21;58;0.7128;298.8528;899.3982;1294.1289;False;False;;0.3344;147.3399;260.7239;US;1.7126;0.0181;0.9865;1;86;48;1940356.25
ROL;C;2022-10-24;39.6811;2023-10-23;34.6641;TIMEOUT;-0.1264;-0.221;52;50;0.4859;28.2226;63.7516;84.7922;False;False;;0.0864;18.8905;29.708;US;1.5413;0.1672;0.9956;19;33;83;7492420.481927711
SKF-B.ST;C;2022-10-24;143.6319;2022-12-12;143.6319;STOP_C_P2;0.0;-0.0341;7;32;0.7429;143.6319;325.712;449.4926;False;False;;0.1544;93.6068;125.435;ST;1.6233;0.02;0.504;4;54;77;8495089.909090908
ADYEN.AS;A;2022-11-07;1602.0;2023-09-18;664.4;STOP_P0;-0.5853;-0.6125;45;43;0.6893;664.4;3666.5788;5223.1787;False;False;;0.0607;664.4;1148.0;AS;1.6612;0.2003;0.9255;21;48;69;380344.4202898551
ARES;A;2022-11-07;74.8024;2023-11-06;99.179;TIMEOUT;0.3259;-0.2081;52;41;0.3886;16.5159;152.5147;213.5181;False;False;;0.38;16.5159;53.811;US;2.0029;0.0656;0.75;26;86;25;3885196.0
ASML;A;2022-11-07;558.1895;2023-11-06;646.6977;TIMEOUT;0.1586;-0.0823;52;59;0.6781;180.3253;1488.7361;2163.2007;False;False;;0.3461;180.3253;397.4523;US;2.0558;0.1441;0.98;18;78;42;5131259.523809524
BLK;A;2022-11-07;707.8164;2023-11-06;625.2021;TIMEOUT;-0.1167;-0.2081;52;58;0.695;281.1693;1406.5988;1991.8554;False;False;;0.016;281.1693;459.6535;US;1.4092;0.4768;0.9162;4;85;48;3900181.25
EMR;A;2022-11-07;88.9394;2023-11-06;82.0523;TIMEOUT;-0.0774;-0.1838;52;56;0.4579;32.8648;169.2591;232.4022;False;False;;0.0732;32.8648;67.0936;US;1.3381;0.0249;0.8684;6;75;56;14550094.642857144
IR;A;2022-11-07;55.078;2023-11-06;68.1446;TIMEOUT;0.2372;-0.0821;52;70;0.4467;16.9112;115.4583;160.8447;False;False;;0.2791;16.9112;42.023;US;1.516;0.0849;0.9011;6;94;38;13748489.47368421
IVZ;A;2022-11-07;16.7582;2023-11-06;11.6477;TIMEOUT;-0.305;-0.3468;52;54;0.6356;6.1372;41.3352;59.0904;False;False;;0.04;6.1372;12.6074;US;1.8797;0.0389;0.945;17;53;57;20427126.315789472
KKR;A;2022-11-07;55.4621;2023-11-06;62.2867;TIMEOUT;0.1231;-0.2111;52;64;0.6166;15.5939;145.4007;210.258;False;False;;0.1446;15.5939;40.4615;US;1.4193;0.1393;0.9346;4;84;49;15653791.836734693
MPWR;A;2022-11-07;382.2716;2023-11-06;494.4867;TIMEOUT;0.2935;-0.1428;52;37;0.7249;289.7599;801.2841;1071.4865;False;False;;0.5244;289.7599;364.0967;US;1.5601;0.069;0.8476;26;37;24;2311137.5
ADYEN.AS;B;2022-11-07;1602.0;2023-08-14;1148.0;STOP_C;-0.2834;-0.4766;40;43;0.6893;1148.0;3666.5788;5223.1787;False;False;;0.0607;664.4;1148.0;AS;1.6612;0.2003;0.9255;21;48;69;380344.4202898551
ARES;B;2022-11-07;74.8024;2023-11-06;99.179;TIMEOUT;0.3259;-0.2081;52;41;0.3886;53.811;152.5147;213.5181;False;False;;0.38;16.5159;53.811;US;2.0029;0.0656;0.75;26;86;25;3885196.0
ASML;B;2022-11-07;558.1895;2023-11-06;646.6977;TIMEOUT;0.1586;-0.0823;52;59;0.6781;397.4523;1488.7361;2163.2007;False;False;;0.3461;180.3253;397.4523;US;2.0558;0.1441;0.98;18;78;42;5131259.523809524
BLK;B;2022-11-07;707.8164;2023-11-06;625.2021;TIMEOUT;-0.1167;-0.2081;52;58;0.695;459.6535;1406.5988;1991.8554;False;False;;0.016;281.1693;459.6535;US;1.4092;0.4768;0.9162;4;85;48;3900181.25
EMR;B;2022-11-07;88.9394;2023-11-06;82.0523;TIMEOUT;-0.0774;-0.1838;52;56;0.4579;67.0936;169.2591;232.4022;False;False;;0.0732;32.8648;67.0936;US;1.3381;0.0249;0.8684;6;75;56;14550094.642857144
IR;B;2022-11-07;55.078;2023-11-06;68.1446;TIMEOUT;0.2372;-0.0821;52;70;0.4467;42.023;115.4583;160.8447;False;False;;0.2791;16.9112;42.023;US;1.516;0.0849;0.9011;6;94;38;13748489.47368421
IVZ;B;2022-11-07;16.7582;2023-03-20;12.6074;STOP_C;-0.2477;-0.2603;19;54;0.6356;12.6074;41.3352;59.0904;False;False;;0.04;6.1372;12.6074;US;1.8797;0.0389;0.945;17;53;57;20427126.315789472
KKR;B;2022-11-07;55.4621;2023-11-06;62.2867;TIMEOUT;0.1231;-0.2111;52;64;0.6166;40.4615;145.4007;210.258;False;False;;0.1446;15.5939;40.4615;US;1.4193;0.1393;0.9346;4;84;49;15653791.836734693
MPWR;B;2022-11-07;382.2716;2022-11-14;364.0967;STOP_C;-0.0475;-0.0818;1;37;0.7249;364.0967;801.2841;1071.4865;False;False;;0.0416;289.7599;364.0967;US;1.5601;0.069;0.8476;26;37;24;2311137.5
ADYEN.AS;C;2022-11-07;1602.0;2023-08-14;1090.6;STOP_C_P1;-0.3192;-0.4766;40;43;0.6893;1090.6;3666.5788;5223.1787;False;False;;0.0607;664.4;1148.0;AS;1.6612;0.2003;0.9255;21;48;69;380344.4202898551
ARES;C;2022-11-07;74.8024;2023-11-06;99.179;TIMEOUT;0.3259;-0.2081;52;41;0.3886;74.8024;152.5147;213.5181;False;False;;0.38;16.5159;53.811;US;2.0029;0.0656;0.75;26;86;25;3885196.0
ASML;C;2022-11-07;558.1895;2023-09-25;558.1895;STOP_C_P2;0.0;-0.0823;46;59;0.6781;558.1895;1488.7361;2163.2007;False;False;;0.3461;180.3253;397.4523;US;2.0558;0.1441;0.98;18;78;42;5131259.523809524
BLK;C;2022-11-07;707.8164;2023-11-06;625.2021;TIMEOUT;-0.1167;-0.2081;52;58;0.695;436.6708;1406.5988;1991.8554;False;False;;0.016;281.1693;459.6535;US;1.4092;0.4768;0.9162;4;85;48;3900181.25
EMR;C;2022-11-07;88.9394;2023-11-06;82.0523;TIMEOUT;-0.0774;-0.1838;52;56;0.4579;63.7389;169.2591;232.4022;False;False;;0.0732;32.8648;67.0936;US;1.3381;0.0249;0.8684;6;75;56;14550094.642857144
IR;C;2022-11-07;55.078;2023-11-06;68.1446;TIMEOUT;0.2372;-0.0821;52;70;0.4467;55.078;115.4583;160.8447;False;False;;0.2791;16.9112;42.023;US;1.516;0.0849;0.9011;6;94;38;13748489.47368421
IVZ;C;2022-11-07;16.7582;2023-10-02;11.9771;STOP_C_P1;-0.2853;-0.306;47;54;0.6356;11.9771;41.3352;59.0904;False;False;;0.04;6.1372;12.6074;US;1.8797;0.0389;0.945;17;53;57;20427126.315789472
KKR;C;2022-11-07;55.4621;2023-11-06;62.2867;TIMEOUT;0.1231;-0.2111;52;64;0.6166;38.4384;145.4007;210.258;False;False;;0.1446;15.5939;40.4615;US;1.4193;0.1393;0.9346;4;84;49;15653791.836734693
MPWR;C;2022-11-07;382.2716;2022-11-28;345.8919;STOP_C_P1;-0.0952;-0.108;3;37;0.7249;345.8919;801.2841;1071.4865;False;False;;0.0416;289.7599;364.0967;US;1.5601;0.069;0.8476;26;37;24;2311137.5
AMAT;A;2022-11-14;101.4142;2023-11-13;145.3024;TIMEOUT;0.4328;-0.1031;52;45;0.7284;34.6438;272.8809;398.958;False;False;;0.5212;34.6438;68.8881;US;1.3109;0.1833;0.377;5;95;39;38818523.07692308
AMAT;B;2022-11-14;101.4142;2023-11-13;145.3024;TIMEOUT;0.4328;-0.1031;52;45;0.7284;68.8881;272.8809;398.958;False;False;;0.5212;34.6438;68.8881;US;1.3109;0.1833;0.377;5;95;39;38818523.07692308
AMAT;C;2022-11-14;101.4142;2023-11-13;145.3024;TIMEOUT;0.4328;-0.1031;52;45;0.7284;101.4142;272.8809;398.958;False;False;;0.5212;34.6438;68.8881;US;1.3109;0.1833;0.377;5;95;39;38818523.07692308
REG;A;2022-12-05;56.4399;2023-12-04;57.2738;TIMEOUT;0.0148;-0.1498;52;49;0.5347;26.3851;108.055;147.258;False;False;;0.0535;26.3851;44.6247;US;1.3645;0.0623;0.5833;10;61;38;4584368.421052632
REG;B;2022-12-05;56.4399;2023-12-04;57.2738;TIMEOUT;0.0148;-0.1498;52;49;0.5347;44.6247;108.055;147.258;False;False;;0.0535;26.3851;44.6247;US;1.3645;0.0623;0.5833;10;61;38;4584368.421052632
REG;C;2022-12-05;56.4399;2023-12-04;57.2738;TIMEOUT;0.0148;-0.1498;52;49;0.5347;42.3935;108.055;147.258;False;False;;0.0535;26.3851;44.6247;US;1.3645;0.0623;0.5833;10;61;38;4584368.421052632
JBHT;A;2023-01-16;182.5089;2024-01-15;193.5203;TIMEOUT;0.0603;-0.1327;52;55;0.4246;71.0124;373.9115;512.0071;False;False;;0.1136;71.0124;150.4729;US;1.4763;0.0691;0.9703;16;104;28;4055796.4285714286
KHC;A;2023-01-16;33.1752;2024-01-15;32.2449;TIMEOUT;-0.028;-0.205;52;40;0.604;21.6111;48.7526;62.229;False;False;;0.0508;21.6111;26.9477;US;1.4395;0.0714;0.1735;16;35;70;33608614.28571428
MS;A;2023-01-16;85.5494;2024-01-15;78.7992;TIMEOUT;-0.0789;-0.2516;52;45;0.4015;22.2918;183.1887;255.7787;False;False;;0.0578;22.2918;65.7379;US;1.5519;0.2196;0.5357;14;99;35;42717380.0
JBHT;B;2023-01-16;182.5089;2024-01-15;193.5203;TIMEOUT;0.0603;-0.1327;52;55;0.4246;150.4729;373.9115;512.0071;False;False;;0.1136;71.0124;150.4729;US;1.4763;0.0691;0.9703;16;104;28;4055796.4285714286
KHC;B;2023-01-16;33.1752;2023-10-02;26.9477;STOP_C;-0.1877;-0.1936;37;40;0.604;26.9477;48.7526;62.229;False;False;;0.0508;21.6111;26.9477;US;1.4395;0.0714;0.1735;16;35;70;33608614.28571428
MS;B;2023-01-16;85.5494;2023-10-23;65.7379;STOP_C;-0.2316;-0.2516;40;45;0.4015;65.7379;183.1887;255.7787;False;False;;0.0578;22.2918;65.7379;US;1.5519;0.2196;0.5357;14;99;35;42717380.0
JBHT;C;2023-01-16;182.5089;2024-01-15;193.5203;TIMEOUT;0.0603;-0.1327;52;55;0.4246;142.9493;373.9115;512.0071;False;False;;0.1136;71.0124;150.4729;US;1.4763;0.0691;0.9703;16;104;28;4055796.4285714286
KHC;C;2023-01-16;33.1752;2024-01-15;32.2449;TIMEOUT;-0.028;-0.205;52;40;0.604;25.6004;48.7526;62.229;False;False;;0.0508;21.6111;26.9477;US;1.4395;0.0714;0.1735;16;35;70;33608614.28571428
MS;C;2023-01-16;85.5494;2024-01-15;78.7992;TIMEOUT;-0.0789;-0.2516;52;45;0.4015;62.451;183.1887;255.7787;False;False;;0.0578;22.2918;65.7379;US;1.5519;0.2196;0.5357;14;99;35;42717380.0
AXP;A;2023-01-23;165.2315;2024-01-22;195.9659;TIMEOUT;0.186;-0.173;52;66;0.5065;62.6242;328.8769;454.9751;False;False;;0.2057;62.6242;124.8501;US;1.5896;0.1758;0.8654;15;99;34;16678232.352941176
EQR;A;2023-01-23;54.7089;2024-01-22;53.3889;TIMEOUT;-0.0241;-0.142;52;61;0.6921;36.3639;118.8097;161.6183;False;False;;0.121;36.3639;49.5454;US;1.4594;0.0125;0.8858;3;77;37;8859267.567567568
TEL;A;2023-01-23;118.7341;2024-01-22;139.3567;TIMEOUT;0.1737;-0.07;52;60;0.5067;43.9837;278.5294;389.6174;False;False;;0.1928;43.9837;98.789;US;1.4543;0.0254;0.827;15;87;47;7588327.659574468
URI;A;2023-01-23;417.887;2024-01-22;615.7939;TIMEOUT;0.4736;-0.2485;52;48;0.4021;56.6533;816.3806;1159.2272;False;False;;0.5384;56.6533;261.6547;US;1.5479;0.6144;0.9244;26;86;37;3605700.0
AXP;B;2023-01-23;165.2315;2024-01-22;195.9659;TIMEOUT;0.186;-0.173;52;66;0.5065;124.8501;328.8769;454.9751;False;False;;0.2057;62.6242;124.8501;US;1.5896;0.1758;0.8654;15;99;34;16678232.352941176
EQR;B;2023-01-23;54.7089;2023-03-20;49.5454;STOP_C;-0.0944;-0.1278;8;61;0.6921;49.5454;118.8097;161.6183;False;False;;0.0582;36.3639;49.5454;US;1.4594;0.0125;0.8858;3;77;37;8859267.567567568
TEL;B;2023-01-23;118.7341;2024-01-22;139.3567;TIMEOUT;0.1737;-0.07;52;60;0.5067;98.789;278.5294;389.6174;False;False;;0.1928;43.9837;98.789;US;1.4543;0.0254;0.827;15;87;47;7588327.659574468
URI;B;2023-01-23;417.887;2024-01-22;615.7939;TIMEOUT;0.4736;-0.2485;52;48;0.4021;261.6547;816.3806;1159.2272;False;False;;0.5384;56.6533;261.6547;US;1.5479;0.6144;0.9244;26;86;37;3605700.0
AXP;C;2023-01-23;165.2315;2024-01-22;195.9659;TIMEOUT;0.186;-0.173;52;66;0.5065;165.2315;328.8769;454.9751;False;False;;0.2057;62.6242;124.8501;US;1.5896;0.1758;0.8654;15;99;34;16678232.352941176
EQR;C;2023-01-23;54.7089;2023-10-30;47.0682;STOP_C_P1;-0.1397;-0.142;40;61;0.6921;47.0682;118.8097;161.6183;False;False;;0.121;36.3639;49.5454;US;1.4594;0.0125;0.8858;3;77;37;8859267.567567568
TEL;C;2023-01-23;118.7341;2023-09-18;118.7341;STOP_C_P2;0.0;-0.0491;34;60;0.5067;118.7341;278.5294;389.6174;False;False;;0.1802;43.9837;98.789;US;1.4543;0.0254;0.827;15;87;47;7588327.659574468
URI;C;2023-01-23;417.887;2024-01-22;615.7939;TIMEOUT;0.4736;-0.2485;52;48;0.4021;565.7482;816.3806;1159.2272;False;False;;0.5384;56.6533;261.6547;US;1.5479;0.6144;0.9244;26;86;37;3605700.0
ADYEN.AS;A;2023-01-30;1617.6;2023-09-18;664.4;STOP_P0;-0.5893;-0.6162;33;56;0.6283;664.4;3761.5788;5318.1787;False;False;;0.0504;664.4;1243.0;AS;1.3408;0.043;0.9455;4;48;98;394954.13265306124
CRH;A;2023-01-30;43.8749;2024-01-29;70.7155;TIMEOUT;0.6118;-0.034;52;55;0.6077;16.6534;79.3957;110.6056;False;False;;0.6184;16.6534;28.8982;US;1.4888;0.5169;0.5;18;93;38;3121107.8947368423
FAST;A;2023-01-30;24.9038;2024-01-29;33.4696;TIMEOUT;0.344;-0.072;52;64;0.4568;11.3484;49.1631;66.6602;False;False;;0.3497;11.3484;20.8528;US;1.3404;0.1495;0.8103;2;92;55;33290327.272727273
FTV;A;2023-01-30;51.2868;2024-01-29;61.8974;TIMEOUT;0.2069;-0.0914;52;58;0.6133;32.2242;85.9696;112.779;False;False;;0.2133;32.2242;42.5921;US;1.4611;0.1101;0.9735;16;80;46;15822871.347826088
GOOGL;A;2023-01-30;103.8591;2024-01-29;141.1286;TIMEOUT;0.3588;-0.1546;52;56;0.6746;50.0001;244.7544;344.9688;False;False;;0.4676;50.0001;82.6075;US;1.3596;0.075;0.7319;13;97;39;167565287.17948717
PH;A;2023-01-30;336.1363;2024-01-29;497.8692;TIMEOUT;0.4812;-0.1371;52;57;0.4059;85.4331;606.2545;841.694;False;False;;0.4942;85.4331;225.3133;US;1.8549;0.2554;0.9897;18;98;34;3687552.9411764704
PHM;A;2023-01-30;57.174;2024-01-29;103.9734;TIMEOUT_T1;0.8185;-0.109;52;50;0.6193;18.9418;102.568;144.4087;True;False;45;0.9006;18.9418;34.8699;US;1.7981;0.1983;0.7667;15;57;75;12579766.666666666
SKF-B.ST;A;2023-01-30;188.8592;2024-01-29;192.0192;TIMEOUT;0.0167;-0.2088;52;33;0.7429;93.6068;325.712;449.4926;False;False;;0.0298;93.6068;125.435;ST;1.4708;0.0991;1.0;18;54;77;8495089.909090908
TECH;A;2023-01-30;77.7837;2024-01-29;65.1169;TIMEOUT;-0.1628;-0.3438;52;36;0.6956;37.7387;220.9501;316.2518;False;False;;0.1381;37.7387;66.7519;US;1.6652;0.0122;0.1769;16;78;55;4540058.181818182
TXN;A;2023-01-30;164.8569;2024-01-29;148.6057;TIMEOUT;-0.0986;-0.2199;52;51;0.471;77.7117;290.0865;389.0032;False;False;;0.0472;77.7117;130.0393;US;1.3107;0.0893;0.7613;16;84;50;27569270.0
ADYEN.AS;B;2023-01-30;1617.6;2023-08-14;1243.0;STOP_C;-0.2316;-0.4816;28;56;0.6283;1243.0;3761.5788;5318.1787;False;False;;0.0504;664.4;1243.0;AS;1.3408;0.043;0.9455;4;48;98;394954.13265306124
CRH;B;2023-01-30;43.8749;2024-01-29;70.7155;TIMEOUT;0.6118;-0.034;52;55;0.6077;28.8982;79.3957;110.6056;False;False;;0.6184;16.6534;28.8982;US;1.4888;0.5169;0.5;18;93;38;3121107.8947368423
FAST;B;2023-01-30;24.9038;2024-01-29;33.4696;TIMEOUT;0.344;-0.072;52;64;0.4568;20.8528;49.1631;66.6602;False;False;;0.3497;11.3484;20.8528;US;1.3404;0.1495;0.8103;2;92;55;33290327.272727273
FTV;B;2023-01-30;51.2868;2024-01-29;61.8974;TIMEOUT;0.2069;-0.0914;52;58;0.6133;42.5921;85.9696;112.779;False;False;;0.2133;32.2242;42.5921;US;1.4611;0.1101;0.9735;16;80;46;15822871.347826088
GOOGL;B;2023-01-30;103.8591;2024-01-29;141.1286;TIMEOUT;0.3588;-0.1546;52;56;0.6746;82.6075;244.7544;344.9688;False;False;;0.4676;50.0001;82.6075;US;1.3596;0.075;0.7319;13;97;39;167565287.17948717
PH;B;2023-01-30;336.1363;2024-01-29;497.8692;TIMEOUT;0.4812;-0.1371;52;57;0.4059;225.3133;606.2545;841.694;False;False;;0.4942;85.4331;225.3133;US;1.8549;0.2554;0.9897;18;98;34;3687552.9411764704
PHM;B;2023-01-30;57.174;2024-01-29;103.9734;TIMEOUT_T1;0.8185;-0.109;52;50;0.6193;34.8699;102.568;144.4087;True;False;45;0.9006;18.9418;34.8699;US;1.7981;0.1983;0.7667;15;57;75;12579766.666666666
SKF-B.ST;B;2023-01-30;188.8592;2024-01-29;192.0192;TIMEOUT;0.0167;-0.2088;52;33;0.7429;125.435;325.712;449.4926;False;False;;0.0298;93.6068;125.435;ST;1.4708;0.0991;1.0;18;54;77;8495089.909090908
TECH;B;2023-01-30;77.7837;2023-09-25;66.7519;STOP_C;-0.1418;-0.1563;34;36;0.6956;66.7519;220.9501;316.2518;False;False;;0.1381;37.7387;66.7519;US;1.6652;0.0122;0.1769;16;78;55;4540058.181818182
TXN;B;2023-01-30;164.8569;2023-10-23;130.0393;STOP_C;-0.2112;-0.2199;38;51;0.471;130.0393;290.0865;389.0032;False;False;;0.0472;77.7117;130.0393;US;1.3107;0.0893;0.7613;16;84;50;27569270.0
ADYEN.AS;C;2023-01-30;1617.6;2023-08-14;1180.85;STOP_C_P1;-0.27;-0.4816;28;56;0.6283;1180.85;3761.5788;5318.1787;False;False;;0.0504;664.4;1243.0;AS;1.3408;0.043;0.9455;4;48;98;394954.13265306124
CRH;C;2023-01-30;43.8749;2024-01-29;70.7155;TIMEOUT;0.6118;-0.034;52;55;0.6077;62.4846;79.3957;110.6056;False;False;;0.6184;16.6534;28.8982;US;1.4888;0.5169;0.5;18;93;38;3121107.8947368423
FAST;C;2023-01-30;24.9038;2024-01-29;33.4696;TIMEOUT;0.344;-0.072;52;64;0.4568;24.9038;49.1631;66.6602;False;False;;0.3497;11.3484;20.8528;US;1.3404;0.1495;0.8103;2;92;55;33290327.272727273
FTV;C;2023-01-30;51.2868;2023-10-23;51.2868;STOP_C_P2;0.0;-0.0914;38;58;0.6133;51.2868;85.9696;112.779;False;False;;0.1591;32.2242;42.5921;US;1.4611;0.1101;0.9735;16;80;46;15822871.347826088
GOOGL;C;2023-01-30;103.8591;2024-01-29;141.1286;TIMEOUT;0.3588;-0.1546;52;56;0.6746;103.8591;244.7544;344.9688;False;False;;0.4676;50.0001;82.6075;US;1.3596;0.075;0.7319;13;97;39;167565287.17948717
PH;C;2023-01-30;336.1363;2024-01-29;497.8692;TIMEOUT;0.4812;-0.1371;52;57;0.4059;441.9794;606.2545;841.694;False;False;;0.4942;85.4331;225.3133;US;1.8549;0.2554;0.9897;18;98;34;3687552.9411764704
PHM;C;2023-01-30;57.174;2023-08-21;74.0959;STOP_C_P3;0.296;-0.109;29;50;0.6193;74.0959;102.568;144.4087;False;False;;0.4727;18.9418;34.8699;US;1.7981;0.1983;0.7667;15;57;75;12579766.666666666
SKF-B.ST;C;2023-01-30;188.8592;2024-01-29;192.0192;TIMEOUT;0.0167;-0.2088;52;33;0.7429;119.1633;325.712;449.4926;False;False;;0.0298;93.6068;125.435;ST;1.4708;0.0991;1.0;18;54;77;8495089.909090908
TECH;C;2023-01-30;77.7837;2023-10-16;63.4143;STOP_C_P1;-0.1847;-0.1991;37;36;0.6956;63.4143;220.9501;316.2518;False;False;;0.1381;37.7387;66.7519;US;1.6652;0.0122;0.1769;16;78;55;4540058.181818182
TXN;C;2023-01-30;164.8569;2024-01-29;148.6057;TIMEOUT;-0.0986;-0.2199;52;51;0.471;123.5374;290.0865;389.0032;False;False;;0.0472;77.7117;130.0393;US;1.3107;0.0893;0.7613;16;84;50;27569270.0
ARES;A;2023-02-06;76.5497;2024-02-05;126.6915;TIMEOUT;0.655;-0.1552;52;40;0.4163;16.5159;150.8251;211.8286;False;False;;0.6886;16.5159;52.1215;US;1.3832;0.1203;0.5433;17;86;47;4212548.936170213
FOXA;A;2023-02-06;34.2378;2024-02-05;28.893;TIMEOUT;-0.1561;-0.1917;52;34;0.7063;22.1301;52.4302;68.2801;False;False;;0.0405;22.1301;26.785;US;1.327;0.0104;0.7235;15;29;91;15265989.01098901
KKR;A;2023-02-06;56.3463;2024-02-05;95.3381;TIMEOUT;0.692;-0.1794;52;47;0.6166;15.5939;145.4007;210.258;False;False;;0.7079;15.5939;40.4615;US;1.317;0.3781;0.5252;17;84;49;15653791.836734693
LIN;A;2023-02-06;317.1926;2024-02-05;406.2076;TIMEOUT;0.2806;-0.0386;52;45;0.4136;134.3843;568.5097;765.4492;False;False;;0.3258;134.3843;249.8616;US;1.5828;0.0466;0.4736;19;94;38;10685902.631578946
MAS;A;2023-02-06;51.6417;2024-02-05;69.5455;TIMEOUT;0.3467;-0.1474;52;59;0.6292;24.2714;105.7268;146.684;False;False;;0.4175;24.2714;39.4579;US;1.4231;0.2747;0.6472;15;93;42;10599847.61904762
PSA;A;2023-02-06;260.0924;2024-02-05;257.102;TIMEOUT;-0.0115;-0.1974;52;59;0.4946;119.4926;597.8458;823.1271;False;False;;0.0866;119.4926;233.3406;US;2.1438;0.0462;0.322;14;108;28;3787221.4285714286
TGS.OL;A;2023-02-06;152.0991;2024-02-05;81.524;TIMEOUT;-0.464;-0.4685;52;63;0.4585;59.6199;239.2705;322.4629;False;False;;0.1117;59.6199;104.6653;OL;1.7696;0.2999;1.0;19;32;16;2227000.75
ARES;B;2023-02-06;76.5497;2024-02-05;126.6915;TIMEOUT;0.655;-0.1552;52;40;0.4163;52.1215;150.8251;211.8286;False;False;;0.6886;16.5159;52.1215;US;1.3832;0.1203;0.5433;17;86;47;4212548.936170213
FOXA;B;2023-02-06;34.2378;2024-02-05;28.893;TIMEOUT;-0.1561;-0.1917;52;34;0.7063;26.785;52.4302;68.2801;False;False;;0.0405;22.1301;26.785;US;1.327;0.0104;0.7235;15;29;91;15265989.01098901
KKR;B;2023-02-06;56.3463;2024-02-05;95.3381;TIMEOUT;0.692;-0.1794;52;47;0.6166;40.4615;145.4007;210.258;False;False;;0.7079;15.5939;40.4615;US;1.317;0.3781;0.5252;17;84;49;15653791.836734693
LIN;B;2023-02-06;317.1926;2024-02-05;406.2076;TIMEOUT;0.2806;-0.0386;52;45;0.4136;249.8616;568.5097;765.4492;False;False;;0.3258;134.3843;249.8616;US;1.5828;0.0466;0.4736;19;94;38;10685902.631578946
MAS;B;2023-02-06;51.6417;2024-02-05;69.5455;TIMEOUT;0.3467;-0.1474;52;59;0.6292;39.4579;105.7268;146.684;False;False;;0.4175;24.2714;39.4579;US;1.4231;0.2747;0.6472;15;93;42;10599847.61904762
PSA;B;2023-02-06;260.0924;2023-10-02;233.3406;STOP_C;-0.1029;-0.1227;34;59;0.4946;233.3406;597.8458;823.1271;False;False;;0.0663;119.4926;233.3406;US;2.1438;0.0462;0.322;14;108;28;3787221.4285714286
TGS.OL;B;2023-02-06;152.0991;2023-12-04;104.6653;STOP_C;-0.3119;-0.3267;43;63;0.4585;104.6653;239.2705;322.4629;False;False;;0.1117;59.6199;104.6653;OL;1.7696;0.2999;1.0;19;32;16;2227000.75
ARES;C;2023-02-06;76.5497;2024-02-05;126.6915;TIMEOUT;0.655;-0.1552;52;40;0.4163;113.7474;150.8251;211.8286;False;False;;0.6886;16.5159;52.1215;US;1.3832;0.1203;0.5433;17;86;47;4212548.936170213
FOXA;C;2023-02-06;34.2378;2024-02-05;28.893;TIMEOUT;-0.1561;-0.1917;52;34;0.7063;25.4458;52.4302;68.2801;False;False;;0.0405;22.1301;26.785;US;1.327;0.0104;0.7235;15;29;91;15265989.01098901
KKR;C;2023-02-06;56.3463;2024-02-05;95.3381;TIMEOUT;0.692;-0.1794;52;47;0.6166;56.3463;145.4007;210.258;False;False;;0.7079;15.5939;40.4615;US;1.317;0.3781;0.5252;17;84;49;15653791.836734693
LIN;C;2023-02-06;317.1926;2024-02-05;406.2076;TIMEOUT;0.2806;-0.0386;52;45;0.4136;317.1926;568.5097;765.4492;False;False;;0.3258;134.3843;249.8616;US;1.5828;0.0466;0.4736;19;94;38;10685902.631578946
MAS;C;2023-02-06;51.6417;2023-09-18;51.6417;STOP_C_P2;0.0;-0.1474;32;59;0.6292;51.6417;105.7268;146.684;False;False;;0.1728;24.2714;39.4579;US;1.4231;0.2747;0.6472;15;93;42;10599847.61904762
PSA;C;2023-02-06;260.0924;2023-10-23;221.6736;STOP_C_P1;-0.1477;-0.1914;37;59;0.4946;221.6736;597.8458;823.1271;False;False;;0.0663;119.4926;233.3406;US;2.1438;0.0462;0.322;14;108;28;3787221.4285714286
TGS.OL;C;2023-02-06;152.0991;2024-01-08;99.432;STOP_C_P1;-0.3463;-0.4009;48;63;0.4585;99.432;239.2705;322.4629;False;False;;0.1117;59.6199;104.6653;OL;1.7696;0.2999;1.0;19;32;16;2227000.75
ADI;A;2023-02-13;181.8682;2024-02-12;181.0327;TIMEOUT;-0.0046;-0.1843;52;53;0.4871;70.9709;297.1396;403.2752;False;False;;0.0722;70.9709;125.4122;US;1.3432;0.1205;0.7931;18;88;46;17474402.173913043
APTV;A;2023-02-13;119.64;2024-02-12;78.96;TIMEOUT;-0.34;-0.4065;52;51;0.6574;42.11;314.0466;452.7466;False;False;;0.0084;42.11;89.63;US;1.3447;0.2208;0.6033;8;84;59;9501291.525423728
ADI;B;2023-02-13;181.8682;2024-02-12;181.0327;TIMEOUT;-0.0046;-0.1843;52;53;0.4871;125.4122;297.1396;403.2752;False;False;;0.0722;70.9709;125.4122;US;1.3432;0.1205;0.7931;18;88;46;17474402.173913043
APTV;B;2023-02-13;119.64;2023-05-22;89.63;STOP_C;-0.2508;-0.2589;14;51;0.6574;89.63;314.0466;452.7466;False;False;;0.0084;42.11;89.63;US;1.3447;0.2208;0.6033;8;84;59;9501291.525423728
ADI;C;2023-02-13;181.8682;2024-02-12;181.0327;TIMEOUT;-0.0046;-0.1843;52;53;0.4871;119.1416;297.1396;403.2752;False;False;;0.0722;70.9709;125.4122;US;1.3432;0.1205;0.7931;18;88;46;17474402.173913043
APTV;C;2023-02-13;119.64;2023-10-30;85.1485;STOP_C_P1;-0.2883;-0.4065;37;51;0.6574;85.1485;314.0466;452.7466;False;False;;0.0084;42.11;89.63;US;1.3447;0.2208;0.6033;8;84;59;9501291.525423728
BEKB.BR;A;2023-02-27;36.937;2024-02-26;41.4517;TIMEOUT;0.1222;-0.1543;52;51;0.6193;12.5635;55.2387;76.5897;False;False;;0.1821;12.5635;20.6927;BR;1.7908;0.1398;0.9091;22;52;60;326108.7166666667
EXR;A;2023-02-27;145.1684;2024-02-26;128.6294;TIMEOUT;-0.1139;-0.3815;52;66;0.5253;57.2106;334.6959;467.2929;False;False;;0.0198;57.2106;120.1538;US;1.7994;0.0388;0.8887;8;92;53;3782511.320754717
GEST.MC;A;2023-02-27;3.8668;2024-02-26;2.6984;TIMEOUT;-0.3022;-0.3111;52;47;0.6335;1.5588;7.0545;9.8238;False;False;;0.0717;1.5588;2.5738;MC;1.4342;0.1959;0.8294;22;46;67;2524114.76119403
BEKB.BR;B;2023-02-27;36.937;2024-02-26;41.4517;TIMEOUT;0.1222;-0.1543;52;51;0.6193;20.6927;55.2387;76.5897;False;False;;0.1821;12.5635;20.6927;BR;1.7908;0.1398;0.9091;22;52;60;326108.7166666667
EXR;B;2023-02-27;145.1684;2023-07-31;120.1538;STOP_C;-0.1723;-0.2478;22;66;0.5253;120.1538;334.6959;467.2929;False;False;;0.0033;57.2106;120.1538;US;1.7994;0.0388;0.8887;8;92;53;3782511.320754717
GEST.MC;B;2023-02-27;3.8668;2024-02-26;2.6984;TIMEOUT;-0.3022;-0.3111;52;47;0.6335;2.5738;7.0545;9.8238;False;False;;0.0717;1.5588;2.5738;MC;1.4342;0.1959;0.8294;22;46;67;2524114.76119403
BEKB.BR;C;2023-02-27;36.937;2024-02-26;41.4517;TIMEOUT;0.1222;-0.1543;52;51;0.6193;38.4235;55.2387;76.5897;False;False;;0.1821;12.5635;20.6927;BR;1.7908;0.1398;0.9091;22;52;60;326108.7166666667
EXR;C;2023-02-27;145.1684;2023-07-31;114.1462;STOP_C_P1;-0.2137;-0.2478;22;66;0.5253;114.1462;334.6959;467.2929;False;False;;0.0033;57.2106;120.1538;US;1.7994;0.0388;0.8887;8;92;53;3782511.320754717
GEST.MC;C;2023-02-27;3.8668;2024-02-26;2.6984;TIMEOUT;-0.3022;-0.3111;52;47;0.6335;2.4451;7.0545;9.8238;False;False;;0.0717;1.5588;2.5738;MC;1.4342;0.1959;0.8294;22;46;67;2524114.76119403
CARR;A;2023-03-06;43.4517;2024-03-04;56.1376;TIMEOUT;0.292;-0.1148;52;38;0.5416;11.2569;101.8;145.4061;False;False;;0.3547;11.2569;31.2453;US;1.4097;0.2522;0.1252;21;72;58;21916056.896551725
GBLB.BR;A;2023-03-06;61.9493;2024-03-04;57.5989;TIMEOUT;-0.0702;-0.0938;52;44;0.6199;39.9927;124.9888;167.5275;False;False;;0.0954;39.9927;56.1613;BR;1.375;0.0185;0.0147;21;85;49;845230.1428571428
CARR;B;2023-03-06;43.4517;2024-03-04;56.1376;TIMEOUT;0.292;-0.1148;52;38;0.5416;31.2453;101.8;145.4061;False;False;;0.3547;11.2569;31.2453;US;1.4097;0.2522;0.1252;21;72;58;21916056.896551725
GBLB.BR;B;2023-03-06;61.9493;2024-01-15;56.1613;STOP_C;-0.0934;-0.0938;45;44;0.6199;56.1613;124.9888;167.5275;False;False;;0.0954;39.9927;56.1613;BR;1.375;0.0185;0.0147;21;85;49;845230.1428571428
CARR;C;2023-03-06;43.4517;2024-03-04;56.1376;TIMEOUT;0.292;-0.1148;52;38;0.5416;43.4517;101.8;145.4061;False;False;;0.3547;11.2569;31.2453;US;1.4097;0.2522;0.1252;21;72;58;21916056.896551725
GBLB.BR;C;2023-03-06;61.9493;2024-03-04;57.5989;TIMEOUT;-0.0702;-0.0938;52;44;0.6199;53.3532;124.9888;167.5275;False;False;;0.0954;39.9927;56.1613;BR;1.375;0.0185;0.0147;21;85;49;845230.1428571428
BX;A;2023-03-13;75.8602;2024-03-11;115.4733;TIMEOUT;0.5222;-0.066;52;66;0.5684;26.4896;231.9975;332.266;False;False;;0.6141;26.4896;69.7631;US;3.1534;0.0365;0.6677;22;86;47;21978212.76595745
CS.PA;A;2023-03-13;20.6199;2024-03-11;28.9596;TIMEOUT;0.4044;-0.0528;52;28;0.3547;9.3458;37.2065;49.5163;False;False;;0.413;9.3458;17.2891;PA;1.9982;0.0537;0.0106;23;67;34;29845844.20588235
DOW;A;2023-03-13;41.4452;2024-03-11;49.8296;TIMEOUT;0.2023;-0.0296;52;39;0.5068;15.6319;96.9648;135.4884;False;False;;0.2381;15.6319;34.6336;US;1.6216;0.0218;0.1806;22;63;71;26776200.0
GOOG;A;2023-03-13;101.5645;2024-03-11;140.9275;TIMEOUT;0.3876;-0.0213;52;60;0.6769;50.2339;245.3892;345.926;False;False;;0.5147;50.2339;82.7207;US;1.683;0.1094;0.924;19;97;39;138339400.0
IBE.MC;A;2023-03-13;9.3951;2024-03-11;9.8798;TIMEOUT;0.0516;-0.0695;52;43;0.547;5.9227;14.0178;17.9267;False;False;;0.1565;5.9227;7.6933;MC;1.5664;0.017;0.6694;22;43;91;66762262.14285714
INVE-B.ST;A;2023-03-13;179.1307;2024-03-11;258.7977;TIMEOUT;0.4447;-0.0192;52;37;0.4547;81.7094;341.8068;462.0372;False;False;;0.4479;81.7094;147.2741;ST;1.532;0.1101;0.0616;24;72;60;16377375.416666666
IVZ;A;2023-03-13;13.3214;2024-03-11;13.9205;TIMEOUT;0.045;-0.1783;52;51;0.6041;6.1372;41.8951;59.6503;False;False;;0.222;6.1372;13.1673;US;1.6139;0.0122;0.1343;0;53;92;21756318.47826087
SHUR.BR;A;2023-03-13;42.1006;2024-03-11;36.6977;TIMEOUT;-0.1283;-0.2608;52;62;0.5993;20.0988;83.2147;114.4798;False;False;;0.0305;20.0988;32.6279;BR;2.5163;0.0264;0.7139;22;108;26;162121.92307692306
BX;B;2023-03-13;75.8602;2024-03-11;115.4733;TIMEOUT;0.5222;-0.066;52;66;0.5684;69.7631;231.9975;332.266;False;False;;0.6141;26.4896;69.7631;US;3.1534;0.0365;0.6677;22;86;47;21978212.76595745
CS.PA;B;2023-03-13;20.6199;2024-03-11;28.9596;TIMEOUT;0.4044;-0.0528;52;28;0.3547;17.2891;37.2065;49.5163;False;False;;0.413;9.3458;17.2891;PA;1.9982;0.0537;0.0106;23;67;34;29845844.20588235
DOW;B;2023-03-13;41.4452;2024-03-11;49.8296;TIMEOUT;0.2023;-0.0296;52;39;0.5068;34.6336;96.9648;135.4884;False;False;;0.2381;15.6319;34.6336;US;1.6216;0.0218;0.1806;22;63;71;26776200.0
GOOG;B;2023-03-13;101.5645;2024-03-11;140.9275;TIMEOUT;0.3876;-0.0213;52;60;0.6769;82.7207;245.3892;345.926;False;False;;0.5147;50.2339;82.7207;US;1.683;0.1094;0.924;19;97;39;138339400.0
IBE.MC;B;2023-03-13;9.3951;2024-03-11;9.8798;TIMEOUT;0.0516;-0.0695;52;43;0.547;7.6933;14.0178;17.9267;False;False;;0.1565;5.9227;7.6933;MC;1.5664;0.017;0.6694;22;43;91;66762262.14285714
INVE-B.ST;B;2023-03-13;179.1307;2024-03-11;258.7977;TIMEOUT;0.4447;-0.0192;52;37;0.4547;147.2741;341.8068;462.0372;False;False;;0.4479;81.7094;147.2741;ST;1.532;0.1101;0.0616;24;72;60;16377375.416666666
IVZ;B;2023-03-13;13.3214;2023-03-20;13.1673;STOP_C;-0.0116;-0.0694;1;51;0.6041;13.1673;41.8951;59.6503;False;False;;0.0379;6.1372;13.1673;US;1.6139;0.0122;0.1343;0;53;92;21756318.47826087
SHUR.BR;B;2023-03-13;42.1006;2023-10-02;32.6279;STOP_C;-0.225;-0.2457;29;62;0.5993;32.6279;83.2147;114.4798;False;False;;0.0305;20.0988;32.6279;BR;2.5163;0.0264;0.7139;22;108;26;162121.92307692306
BX;C;2023-03-13;75.8602;2024-03-11;115.4733;TIMEOUT;0.5222;-0.066;52;66;0.5684;75.8602;231.9975;332.266;False;False;;0.6141;26.4896;69.7631;US;3.1534;0.0365;0.6677;22;86;47;21978212.76595745
CS.PA;C;2023-03-13;20.6199;2024-03-11;28.9596;TIMEOUT;0.4044;-0.0528;52;28;0.3547;20.6199;37.2065;49.5163;False;False;;0.413;9.3458;17.2891;PA;1.9982;0.0537;0.0106;23;67;34;29845844.20588235
DOW;C;2023-03-13;41.4452;2023-05-22;41.4452;STOP_C_P2;0.0;-0.0011;10;39;0.5068;41.4452;96.9648;135.4884;False;False;;0.1543;15.6319;34.6336;US;1.6216;0.0218;0.1806;22;63;71;26776200.0
GOOG;C;2023-03-13;101.5645;2024-03-11;140.9275;TIMEOUT;0.3876;-0.0213;52;60;0.6769;101.5645;245.3892;345.926;False;False;;0.5147;50.2339;82.7207;US;1.683;0.1094;0.924;19;97;39;138339400.0
IBE.MC;C;2023-03-13;9.3951;2023-07-31;9.3951;STOP_C_P2;0.0;-0.0018;20;43;0.547;9.3951;14.0178;17.9267;False;False;;0.153;5.9227;7.6933;MC;1.5664;0.017;0.6694;22;43;91;66762262.14285714
INVE-B.ST;C;2023-03-13;179.1307;2024-03-11;258.7977;TIMEOUT;0.4447;-0.0192;52;37;0.4547;179.1307;341.8068;462.0372;False;False;;0.4479;81.7094;147.2741;ST;1.532;0.1101;0.0616;24;72;60;16377375.416666666
IVZ;C;2023-03-13;13.3214;2023-03-20;12.5089;STOP_C_P1;-0.061;-0.0694;1;51;0.6041;12.5089;41.8951;59.6503;False;False;;0.0379;6.1372;13.1673;US;1.6139;0.0122;0.1343;0;53;92;21756318.47826087
SHUR.BR;C;2023-03-13;42.1006;2024-03-11;36.6977;TIMEOUT;-0.1283;-0.2608;52;62;0.5993;30.9965;83.2147;114.4798;False;False;;0.0305;20.0988;32.6279;BR;2.5163;0.0264;0.7139;22;108;26;162121.92307692306
BLDR;A;2023-05-01;111.25;2024-01-29;180.2843;TARGET_2;0.6205;-0.054;39;47;0.6323;39.24;133.0443;180.2843;True;True;8;0.6408;39.24;56.61;US;1.3959;0.8894;0.9755;25;24;44;12070236.363636363
BLDR;B;2023-05-01;111.25;2024-01-29;180.2843;TARGET_2;0.6205;-0.054;39;47;0.6323;56.61;133.0443;180.2843;True;True;8;0.6408;39.24;56.61;US;1.3959;0.8894;0.9755;25;24;44;12070236.363636363
BLDR;C;2023-05-01;111.25;2023-08-14;138.028;STOP_C_P3;0.2407;0.0;15;47;0.6323;138.028;133.0443;180.2843;True;False;8;0.4099;39.24;56.61;US;1.3959;0.8894;0.9755;25;24;44;12070236.363636363
CNP;A;2023-05-15;26.4629;2024-05-13;28.6349;TIMEOUT;0.0821;-0.1049;52;43;0.3988;16.9098;46.8808;60.3859;False;False;;0.0997;16.9098;25.0294;US;1.3221;0.0624;0.2297;8;82;26;19606650.0
NOW;A;2023-05-15;102.06;2024-05-13;153.01;TIMEOUT;0.4992;-0.0317;52;43;0.6809;47.786;187.0388;258.9268;False;False;;0.5977;47.786;70.724;US;1.4833;0.0583;0.9617;19;47;99;36775636.36363637
ON;A;2023-05-15;84.36;2024-05-13;73.17;TIMEOUT;-0.1326;-0.2966;52;52;0.6401;54.93;119.4492;152.0692;False;False;;0.3199;54.93;66.67;US;1.4143;0.0744;0.5837;3;17;11;32315509.09090909
CNP;B;2023-05-15;26.4629;2023-09-25;25.0294;STOP_C;-0.0542;-0.063;19;43;0.3988;25.0294;46.8808;60.3859;False;False;;0.0997;16.9098;25.0294;US;1.3221;0.0624;0.2297;8;82;26;19606650.0
NOW;B;2023-05-15;102.06;2024-05-13;153.01;TIMEOUT;0.4992;-0.0317;52;43;0.6809;70.724;187.0388;258.9268;False;False;;0.5977;47.786;70.724;US;1.4833;0.0583;0.9617;19;47;99;36775636.36363637
ON;B;2023-05-15;84.36;2023-10-30;66.67;STOP_C;-0.2097;-0.2713;24;52;0.6401;66.67;119.4492;152.0692;False;False;;0.3199;54.93;66.67;US;1.4143;0.0744;0.5837;3;17;11;32315509.09090909
CNP;C;2023-05-15;26.4629;2023-10-02;23.7779;STOP_C_P1;-0.1015;-0.1049;20;43;0.3988;23.7779;46.8808;60.3859;False;False;;0.0997;16.9098;25.0294;US;1.3221;0.0624;0.2297;8;82;26;19606650.0
NOW;C;2023-05-15;102.06;2024-04-15;143.4963;STOP_C_P3;0.406;-0.0317;48;43;0.6809;143.4963;187.0388;258.9268;False;False;;0.5977;47.786;70.724;US;1.4833;0.0583;0.9617;19;47;99;36775636.36363637
ON;C;2023-05-15;84.36;2023-08-07;97.988;STOP_C_P3;0.1615;-0.0763;12;52;0.6401;97.988;119.4492;152.0692;False;False;;0.3199;54.93;66.67;US;1.4143;0.0744;0.5837;3;17;11;32315509.09090909
1MU.MI;A;2023-05-22;67.4142;2024-05-20;118.285;TIMEOUT;0.7546;-0.1879;52;49;0.6946;30.1674;124.3365;173.2952;False;False;;0.8135;30.1674;45.1214;MI;2.3783;0.2711;0.9911;21;56;89;4028.483146067416
1MU.MI;B;2023-05-22;67.4142;2024-05-20;118.285;TIMEOUT;0.7546;-0.1879;52;49;0.6946;45.1214;124.3365;173.2952;False;False;;0.8135;30.1674;45.1214;MI;2.3783;0.2711;0.9911;21;56;89;4028.483146067416
1MU.MI;C;2023-05-22;67.4142;2024-04-15;107.5832;STOP_C_P3;0.5959;-0.1879;47;49;0.6946;107.5832;124.3365;173.2952;False;False;;0.8135;30.1674;45.1214;MI;2.3783;0.2711;0.9911;21;56;89;4028.483146067416
DOM.MC;A;2023-05-29;3.8332;2024-05-27;3.272;TIMEOUT;-0.1464;-0.2824;52;61;0.5655;1.8837;7.0549;9.5744;False;False;;0.0035;1.8837;2.9783;MC;2.3803;0.2481;1.0;22;87;58;648936.2413793104
DOM.MC;B;2023-05-29;3.8332;2023-10-09;2.9783;STOP_C;-0.223;-0.256;19;61;0.5655;2.9783;7.0549;9.5744;False;False;;0.0035;1.8837;2.9783;MC;2.3803;0.2481;1.0;22;87;58;648936.2413793104
DOM.MC;C;2023-05-29;3.8332;2023-10-23;2.8294;STOP_C_P1;-0.2619;-0.2632;21;61;0.5655;2.8294;7.0549;9.5744;False;False;;0.0035;1.8837;2.9783;MC;2.3803;0.2481;1.0;22;87;58;648936.2413793104
IVZ;A;2023-06-05;13.9868;2024-06-03;13.7403;TIMEOUT;-0.0176;-0.2174;52;53;0.6475;6.1372;41.1246;58.8797;False;False;;0.1638;6.1372;12.3968;US;1.3724;0.0773;0.8796;11;53;93;21839147.311827958
IVZ;B;2023-06-05;13.9868;2023-09-25;12.3968;STOP_C;-0.1137;-0.1246;16;53;0.6475;12.3968;41.1246;58.8797;False;False;;0.1592;6.1372;12.3968;US;1.3724;0.0773;0.8796;11;53;93;21839147.311827958
IVZ;C;2023-06-05;13.9868;2023-07-24;13.9868;STOP_C_P2;0.0;-0.0223;7;53;0.6475;13.9868;41.1246;58.8797;False;False;;0.1592;6.1372;12.3968;US;1.3724;0.0773;0.8796;11;53;93;21839147.311827958
ALLE;A;2023-06-12;113.9903;2024-06-10;113.7704;TIMEOUT;-0.0019;-0.1865;52;50;0.6647;71.2544;203.6005;271.354;False;False;;0.1654;71.2544;93.9753;US;1.8608;0.0137;0.7963;10;75;83;3493118.0722891567
HPE;A;2023-06-12;16.2596;2024-06-10;20.4372;TIMEOUT;0.2569;-0.1644;52;36;0.3623;7.0101;26.5893;35.269;False;False;;0.2744;7.0101;12.5454;US;1.621;0.0876;0.9133;6;74;57;59091908.77192982
PEG;A;2023-06-12;56.6508;2024-06-10;68.2193;TIMEOUT;0.2042;-0.1328;52;58;0.5065;35.511;98.9477;128.9911;False;False;;0.2564;35.511;50.3375;US;1.3572;0.1354;0.7389;13;101;47;13534817.021276595
ALLE;B;2023-06-12;113.9903;2023-10-16;93.9753;STOP_C;-0.1756;-0.1826;18;50;0.6647;93.9753;203.6005;271.354;False;False;;0.0838;71.2544;93.9753;US;1.8608;0.0137;0.7963;10;75;83;3493118.0722891567
HPE;B;2023-06-12;16.2596;2024-06-10;20.4372;TIMEOUT;0.2569;-0.1644;52;36;0.3623;12.5454;26.5893;35.269;False;False;;0.2744;7.0101;12.5454;US;1.621;0.0876;0.9133;6;74;57;59091908.77192982
PEG;B;2023-06-12;56.6508;2023-10-02;50.3375;STOP_C;-0.1114;-0.1328;16;58;0.5065;50.3375;98.9477;128.9911;False;False;;0.0467;35.511;50.3375;US;1.3572;0.1354;0.7389;13;101;47;13534817.021276595
ALLE;C;2023-06-12;113.9903;2024-06-03;113.9903;STOP_C_P2;0.0;-0.1865;51;50;0.6647;113.9903;203.6005;271.354;False;False;;0.1654;71.2544;93.9753;US;1.8608;0.0137;0.7963;10;75;83;3493118.0722891567
HPE;C;2023-06-12;16.2596;2024-03-11;16.2596;STOP_C_P2;0.0;-0.1644;39;36;0.3623;16.2596;26.5893;35.269;False;False;;0.1594;7.0101;12.5454;US;1.621;0.0876;0.9133;6;74;57;59091908.77192982
PEG;C;2023-06-12;56.6508;2024-06-10;68.2193;TIMEOUT;0.2042;-0.1328;52;58;0.5065;56.6508;98.9477;128.9911;False;False;;0.2564;35.511;50.3375;US;1.3572;0.1354;0.7389;13;101;47;13534817.021276595
EXR;A;2023-06-26;130.5536;2024-06-24;142.4417;TIMEOUT;0.0911;-0.3123;52;52;0.552;63.632;324.306;450.4816;False;False;;0.1339;63.632;120.1538;US;1.5544;0.0378;0.8185;25;85;53;3782511.320754717
EXR;B;2023-06-26;130.5536;2023-07-31;120.1538;STOP_C;-0.0797;-0.1636;5;52;0.552;120.1538;324.306;450.4816;False;False;;0.0663;63.632;120.1538;US;1.5544;0.0378;0.8185;25;85;53;3782511.320754717
EXR;C;2023-06-26;130.5536;2023-07-31;114.1462;STOP_C_P1;-0.1257;-0.1636;5;52;0.552;114.1462;324.306;450.4816;False;False;;0.0663;63.632;120.1538;US;1.5544;0.0378;0.8185;25;85;53;3782511.320754717
CARR;A;2023-07-10;51.6887;2024-07-08;64.2148;TIMEOUT;0.2423;-0.1482;52;36;0.3761;11.2569;109.0176;152.6237;False;False;;0.261;11.2569;38.4629;US;1.4998;0.1492;0.9527;11;72;86;21910604.651162792
PAYX;A;2023-07-10;108.3473;2024-07-08;109.318;TIMEOUT;0.009;-0.1144;52;30;0.3158;39.6771;223.762;303.7211;False;False;;0.0896;39.6771;94.3883;US;1.6121;0.0693;0.9452;17;92;63;8529571.42857143
WMB;A;2023-07-10;29.6602;2024-07-08;40.1642;TIMEOUT;0.3541;-0.0137;52;41;0.3981;12.9746;54.9409;73.8457;False;False;;0.3617;12.9746;24.3529;US;1.4023;0.0365;0.48;16;103;41;35371829.26829268
CARR;B;2023-07-10;51.6887;2024-07-08;64.2148;TIMEOUT;0.2423;-0.1482;52;36;0.3761;38.4629;109.0176;152.6237;False;False;;0.261;11.2569;38.4629;US;1.4998;0.1492;0.9527;11;72;86;21910604.651162792
PAYX;B;2023-07-10;108.3473;2024-07-08;109.318;TIMEOUT;0.009;-0.1144;52;30;0.3158;94.3883;223.762;303.7211;False;False;;0.0896;39.6771;94.3883;US;1.6121;0.0693;0.9452;17;92;63;8529571.42857143
WMB;B;2023-07-10;29.6602;2024-07-08;40.1642;TIMEOUT;0.3541;-0.0137;52;41;0.3981;24.3529;54.9409;73.8457;False;False;;0.3617;12.9746;24.3529;US;1.4023;0.0365;0.48;16;103;41;35371829.26829268
CARR;C;2023-07-10;51.6887;2024-07-08;64.2148;TIMEOUT;0.2423;-0.1482;52;36;0.3761;51.6887;109.0176;152.6237;False;False;;0.261;11.2569;38.4629;US;1.4998;0.1492;0.9527;11;72;86;21910604.651162792
PAYX;C;2023-07-10;108.3473;2024-07-08;109.318;TIMEOUT;0.009;-0.1144;52;30;0.3158;89.6689;223.762;303.7211;False;False;;0.0896;39.6771;94.3883;US;1.6121;0.0693;0.9452;17;92;63;8529571.42857143
WMB;C;2023-07-10;29.6602;2024-07-08;40.1642;TIMEOUT;0.3541;-0.0137;52;41;0.3981;29.6602;54.9409;73.8457;False;False;;0.3617;12.9746;24.3529;US;1.4023;0.0365;0.48;16;103;41;35371829.26829268
BX;A;2023-07-17;94.6232;2024-07-15;128.9257;TIMEOUT;0.3625;-0.1414;52;39;0.5852;26.4896;230.32;330.5885;False;False;;0.3964;26.4896;68.0856;US;1.3085;0.3503;0.2665;18;86;69;23421998.550724637
JBHT;A;2023-07-17;189.6255;2024-07-15;160.6174;TIMEOUT;-0.153;-0.21;52;42;0.368;71.0124;381.7305;519.826;False;False;;0.1296;71.0124;158.2919;US;1.6847;0.0186;0.906;17;104;53;3793567.9245283017
POOL;A;2023-07-17;349.9096;2024-07-15;314.6746;TIMEOUT;-0.1007;-0.1965;52;62;0.6354;147.3399;929.9297;1324.6604;False;False;;0.1504;147.3399;291.2554;US;2.0858;0.0166;0.807;7;86;80;2004025.0
BX;B;2023-07-17;94.6232;2024-07-15;128.9257;TIMEOUT;0.3625;-0.1414;52;39;0.5852;68.0856;230.32;330.5885;False;False;;0.3964;26.4896;68.0856;US;1.3085;0.3503;0.2665;18;86;69;23421998.550724637
JBHT;B;2023-07-17;189.6255;2024-04-15;158.2919;STOP_C;-0.1652;-0.1763;39;42;0.368;158.2919;381.7305;519.826;False;False;;0.1296;71.0124;158.2919;US;1.6847;0.0186;0.906;17;104;53;3793567.9245283017
POOL;B;2023-07-17;349.9096;2024-06-24;291.2554;STOP_C;-0.1676;-0.1808;49;62;0.6354;291.2554;929.9297;1324.6604;False;False;;0.1504;147.3399;291.2554;US;2.0858;0.0166;0.807;7;86;80;2004025.0
BX;C;2023-07-17;94.6232;2024-07-15;128.9257;TIMEOUT;0.3625;-0.1414;52;39;0.5852;94.6232;230.32;330.5885;False;False;;0.3964;26.4896;68.0856;US;1.3085;0.3503;0.2665;18;86;69;23421998.550724637
JBHT;C;2023-07-17;189.6255;2024-06-10;150.3773;STOP_C_P1;-0.207;-0.21;47;42;0.368;150.3773;381.7305;519.826;False;False;;0.1296;71.0124;158.2919;US;1.6847;0.0186;0.906;17;104;53;3793567.9245283017
POOL;C;2023-07-17;349.9096;2024-04-15;349.9096;STOP_C_P2;0.0;-0.1634;39;62;0.6354;349.9096;929.9297;1324.6604;False;False;;0.1504;147.3399;291.2554;US;2.0858;0.0166;0.807;7;86;80;2004025.0
AVY;A;2023-07-24;174.3953;2024-07-22;205.1969;TIMEOUT;0.1766;-0.1012;52;58;0.4318;69.0024;378.3749;519.8849;False;False;;0.2853;69.0024;149.4117;US;2.2012;0.0604;0.8657;8;85;81;2565700.0
LII;A;2023-07-24;353.151;2024-07-22;562.1968;TIMEOUT_T1;0.5919;-0.0766;52;51;0.6189;156.9087;512.5741;690.4875;True;False;46;0.6215;156.9087;224.7101;US;1.4141;0.3373;0.8304;16;55;99;1473897.9797979798
MAS;A;2023-07-24;58.0882;2024-07-22;74.7864;TIMEOUT;0.2875;-0.2181;52;44;0.5176;24.2714;110.2977;151.2549;False;False;;0.3067;24.2714;44.0288;US;1.4929;0.2006;0.4482;16;93;65;9947201.538461538
AVY;B;2023-07-24;174.3953;2024-07-22;205.1969;TIMEOUT;0.1766;-0.1012;52;58;0.4318;149.4117;378.3749;519.8849;False;False;;0.2853;69.0024;149.4117;US;2.2012;0.0604;0.8657;8;85;81;2565700.0
LII;B;2023-07-24;353.151;2024-07-22;562.1968;TIMEOUT_T1;0.5919;-0.0766;52;51;0.6189;224.7101;512.5741;690.4875;True;False;46;0.6215;156.9087;224.7101;US;1.4141;0.3373;0.8304;16;55;99;1473897.9797979798
MAS;B;2023-07-24;58.0882;2024-07-22;74.7864;TIMEOUT;0.2875;-0.2181;52;44;0.5176;44.0288;110.2977;151.2549;False;False;;0.3067;24.2714;44.0288;US;1.4929;0.2006;0.4482;16;93;65;9947201.538461538
AVY;C;2023-07-24;174.3953;2024-07-22;205.1969;TIMEOUT;0.1766;-0.1012;52;58;0.4318;174.3953;378.3749;519.8849;False;False;;0.2853;69.0024;149.4117;US;2.2012;0.0604;0.8657;8;85;81;2565700.0
LII;C;2023-07-24;353.151;2024-07-22;562.1968;TIMEOUT_T1;0.5919;-0.0766;52;51;0.6189;503.9059;512.5741;690.4875;True;False;46;0.6215;156.9087;224.7101;US;1.4141;0.3373;0.8304;16;55;99;1473897.9797979798
MAS;C;2023-07-24;58.0882;2024-07-22;74.7864;TIMEOUT;0.2875;-0.2181;52;44;0.5176;58.0882;110.2977;151.2549;False;False;;0.3067;24.2714;44.0288;US;1.4929;0.2006;0.4482;16;93;65;9947201.538461538
EMR;A;2023-07-31;90.1462;2024-07-29;105.2123;TIMEOUT;0.1671;-0.1256;52;30;0.3709;32.8648;174.7542;237.8973;False;False;;0.2774;32.8648;72.5886;US;1.4728;0.1226;0.6322;9;75;91;15451912.087912088
REG;A;2023-07-31;58.7248;2024-07-29;65.0197;TIMEOUT;0.1072;-0.1417;52;47;0.449;26.3851;111.4174;150.6203;False;False;;0.1231;26.3851;47.9871;US;1.3318;0.0373;0.7352;10;61;72;4530473.611111111
EMR;B;2023-07-31;90.1462;2024-07-29;105.2123;TIMEOUT;0.1671;-0.1256;52;30;0.3709;72.5886;174.7542;237.8973;False;False;;0.2774;32.8648;72.5886;US;1.4728;0.1226;0.6322;9;75;91;15451912.087912088
REG;B;2023-07-31;58.7248;2024-07-29;65.0197;TIMEOUT;0.1072;-0.1417;52;47;0.449;47.9871;111.4174;150.6203;False;False;;0.1231;26.3851;47.9871;US;1.3318;0.0373;0.7352;10;61;72;4530473.611111111
EMR;C;2023-07-31;90.1462;2024-07-29;105.2123;TIMEOUT;0.1671;-0.1256;52;30;0.3709;90.1462;174.7542;237.8973;False;False;;0.2774;32.8648;72.5886;US;1.4728;0.1226;0.6322;9;75;91;15451912.087912088
REG;C;2023-07-31;58.7248;2024-07-29;65.0197;TIMEOUT;0.1072;-0.1417;52;47;0.449;45.5877;111.4174;150.6203;False;False;;0.1231;26.3851;47.9871;US;1.3318;0.0373;0.7352;10;61;72;4530473.611111111
KKR;A;2023-08-28;60.9636;2024-08-26;122.218;TIMEOUT;1.0048;-0.1363;52;43;0.5275;15.5939;151.1756;216.033;False;False;;1.0829;15.5939;46.2364;US;1.584;0.2364;0.7008;24;84;71;15577781.690140845
KKR;B;2023-08-28;60.9636;2024-08-26;122.218;TIMEOUT;1.0048;-0.1363;52;43;0.5275;46.2364;151.1756;216.033;False;False;;1.0829;15.5939;46.2364;US;1.584;0.2364;0.7008;24;84;71;15577781.690140845
KKR;C;2023-08-28;60.9636;2024-08-05;111.7421;STOP_C_P3;0.8329;-0.1363;49;43;0.5275;111.7421;151.1756;216.033;False;False;;1.0829;15.5939;46.2364;US;1.584;0.2364;0.7008;24;84;71;15577781.690140845
ADM;A;2023-09-11;72.2318;2024-01-22;49.4278;STOP_P0;-0.3157;-0.3568;19;42;0.6337;49.4278;124.6385;162.542;False;False;;0.0101;49.4278;63.3106;US;1.5266;0.0386;0.3887;15;39;58;14724286.206896551
APTV;A;2023-09-11;102.46;2024-09-09;68.95;TIMEOUT;-0.3271;-0.3791;52;40;0.6787;42.11;311.0866;449.7866;False;False;;0.0221;42.11;86.67;US;1.3743;0.0263;0.7117;15;84;82;9344543.902439024
BLK;A;2023-09-11;655.6724;2024-09-09;854.0671;TIMEOUT;0.3026;-0.1452;52;33;0.4972;279.1872;1524.6243;2111.863;False;False;;0.3208;279.1872;574.4722;US;1.3144;0.0157;0.3175;26;86;70;3871697.1428571427
DTE;A;2023-09-11;97.2269;2024-09-09;117.8935;TIMEOUT;0.2126;-0.1558;52;58;0.5217;63.8916;184.9484;242.6974;False;False;;0.2283;63.8916;91.5104;US;1.5481;0.0389;0.8839;25;101;48;6116883.333333333
SGO.PA;A;2023-09-11;52.8974;2024-09-09;74.8119;TIMEOUT;0.4143;-0.1462;52;26;0.3298;13.8761;115.0449;159.2577;False;False;;0.4458;13.8761;43.5086;PA;2.6145;0.0691;0.5153;25;95;62;6553560.596774193
ADM;B;2023-09-11;72.2318;2023-10-23;63.3106;STOP_C;-0.1235;-0.1265;6;42;0.6337;63.3106;124.6385;162.542;False;False;;0.0101;49.4278;63.3106;US;1.5266;0.0386;0.3887;15;39;58;14724286.206896551
APTV;B;2023-09-11;102.46;2023-10-23;86.67;STOP_C;-0.1541;-0.165;6;40;0.6787;86.67;311.0866;449.7866;False;False;;0.0221;42.11;86.67;US;1.3743;0.0263;0.7117;15;84;82;9344543.902439024
BLK;B;2023-09-11;655.6724;2023-10-23;574.4722;STOP_C;-0.1238;-0.1452;6;33;0.4972;574.4722;1524.6243;2111.863;False;False;;0.003;279.1872;574.4722;US;1.3144;0.0157;0.3175;26;86;70;3871697.1428571427
DTE;B;2023-09-11;97.2269;2023-09-25;91.5104;STOP_C;-0.0588;-0.0785;2;58;0.5217;91.5104;184.9484;242.6974;False;False;;0.0101;63.8916;91.5104;US;1.5481;0.0389;0.8839;25;101;48;6116883.333333333
SGO.PA;B;2023-09-11;52.8974;2024-09-09;74.8119;TIMEOUT;0.4143;-0.1462;52;26;0.3298;43.5086;115.0449;159.2577;False;False;;0.4458;13.8761;43.5086;PA;2.6145;0.0691;0.5153;25;95;62;6553560.596774193
ADM;C;2023-09-11;72.2318;2024-01-22;60.145;STOP_C_P1;-0.1673;-0.3568;19;42;0.6337;60.145;124.6385;162.542;False;False;;0.0101;49.4278;63.3106;US;1.5266;0.0386;0.3887;15;39;58;14724286.206896551
APTV;C;2023-09-11;102.46;2023-10-30;82.3365;STOP_C_P1;-0.1964;-0.3069;7;40;0.6787;82.3365;311.0866;449.7866;False;False;;0.0221;42.11;86.67;US;1.3743;0.0263;0.7117;15;84;82;9344543.902439024
BLK;C;2023-09-11;655.6724;2024-09-09;854.0671;TIMEOUT;0.3026;-0.1452;52;33;0.4972;655.6724;1524.6243;2111.863;False;False;;0.3208;279.1872;574.4722;US;1.3144;0.0157;0.3175;26;86;70;3871697.1428571427
DTE;C;2023-09-11;97.2269;2023-10-02;86.9348;STOP_C_P1;-0.1059;-0.1558;3;58;0.5217;86.9348;184.9484;242.6974;False;False;;0.0101;63.8916;91.5104;US;1.5481;0.0389;0.8839;25;101;48;6116883.333333333
SGO.PA;C;2023-09-11;52.8974;2024-09-09;74.8119;TIMEOUT;0.4143;-0.1462;52;26;0.3298;52.8974;115.0449;159.2577;False;False;;0.4458;13.8761;43.5086;PA;2.6145;0.0691;0.5153;25;95;62;6553560.596774193
REG;A;2023-10-30;56.1814;2024-10-28;66.6651;TIMEOUT;0.1866;-0.0799;52;46;0.449;26.3851;111.4174;150.6203;False;False;;0.2504;26.3851;47.9871;US;1.4106;0.0179;0.8137;23;61;72;4530473.611111111
REG;B;2023-10-30;56.1814;2024-10-28;66.6651;TIMEOUT;0.1866;-0.0799;52;46;0.449;47.9871;111.4174;150.6203;False;False;;0.2504;26.3851;47.9871;US;1.4106;0.0179;0.8137;23;61;72;4530473.611111111
REG;C;2023-10-30;56.1814;2024-10-28;66.6651;TIMEOUT;0.1866;-0.0799;52;46;0.449;56.1814;111.4174;150.6203;False;False;;0.2504;26.3851;47.9871;US;1.4106;0.0179;0.8137;23;61;72;4530473.611111111
IVZ;A;2023-11-27;13.2328;2024-11-25;16.9381;TIMEOUT;0.28;-0.0346;52;59;0.657;6.1372;40.9554;58.7106;False;False;;0.3246;6.1372;12.2276;US;3.1082;0.0936;1.0;26;53;103;21768224.27184466
ROK;A;2023-11-27;270.0872;2024-11-25;288.5001;TIMEOUT;0.0682;-0.1295;52;68;0.5894;177.6592;489.7092;643.5376;False;False;;0.1112;177.6592;240.8148;US;1.4797;0.0746;0.9977;4;56;15;4078820.0
ROL;A;2023-11-27;39.4381;2024-11-25;49.1676;TIMEOUT;0.2467;-0.0122;52;45;0.7057;26.7805;53.6076;67.636;False;False;;0.292;26.7805;30.9097;US;1.3025;0.0713;0.952;6;40;50;8713228.0
IVZ;B;2023-11-27;13.2328;2024-11-25;16.9381;TIMEOUT;0.28;-0.0346;52;59;0.657;12.2276;40.9554;58.7106;False;False;;0.3246;6.1372;12.2276;US;3.1082;0.0936;1.0;26;53;103;21768224.27184466
ROK;B;2023-11-27;270.0872;2024-08-05;240.8148;STOP_C;-0.1084;-0.1295;36;68;0.5894;240.8148;489.7092;643.5376;False;False;;0.1112;177.6592;240.8148;US;1.4797;0.0746;0.9977;4;56;15;4078820.0
ROL;B;2023-11-27;39.4381;2024-11-25;49.1676;TIMEOUT;0.2467;-0.0122;52;45;0.7057;30.9097;53.6076;67.636;False;False;;0.292;26.7805;30.9097;US;1.3025;0.0713;0.952;6;40;50;8713228.0
IVZ;C;2023-11-27;13.2328;2024-04-22;13.2328;STOP_C_P2;0.0;-0.0312;21;59;0.657;13.2328;40.9554;58.7106;False;False;;0.2301;6.1372;12.2276;US;3.1082;0.0936;1.0;26;53;103;21768224.27184466
ROK;C;2023-11-27;270.0872;2024-11-25;288.5001;TIMEOUT;0.0682;-0.1295;52;68;0.5894;228.7741;489.7092;643.5376;False;False;;0.1112;177.6592;240.8148;US;1.4797;0.0746;0.9977;4;56;15;4078820.0
ROL;C;2023-11-27;39.4381;2024-04-15;40.4013;STOP_C_P3;0.0244;-0.0122;20;45;0.7057;40.4013;53.6076;67.636;False;False;;0.1641;26.7805;30.9097;US;1.3025;0.0713;0.952;6;40;50;8713228.0
KIM;A;2023-12-04;18.046;2024-12-02;23.4944;TIMEOUT;0.3019;-0.1212;52;48;0.5357;7.8428;36.9561;50.9372;False;False;;0.3218;7.8428;14.3347;US;1.5994;0.0413;0.4634;6;78;78;21649392.307692308
TEF.MC;A;2023-12-04;3.1999;2024-12-02;3.7372;TIMEOUT;0.1679;-0.0853;52;47;0.5559;2.0398;5.5077;7.1894;False;False;;0.225;2.0398;2.7866;MC;2.1732;0.0689;0.1429;17;75;62;90292802.46774194
KIM;B;2023-12-04;18.046;2024-12-02;23.4944;TIMEOUT;0.3019;-0.1212;52;48;0.5357;14.3347;36.9561;50.9372;False;False;;0.3218;7.8428;14.3347;US;1.5994;0.0413;0.4634;6;78;78;21649392.307692308
TEF.MC;B;2023-12-04;3.1999;2024-12-02;3.7372;TIMEOUT;0.1679;-0.0853;52;47;0.5559;2.7866;5.5077;7.1894;False;False;;0.225;2.0398;2.7866;MC;2.1732;0.0689;0.1429;17;75;62;90292802.46774194
KIM;C;2023-12-04;18.046;2024-12-02;23.4944;TIMEOUT;0.3019;-0.1212;52;48;0.5357;18.046;36.9561;50.9372;False;False;;0.3218;7.8428;14.3347;US;1.5994;0.0413;0.4634;6;78;78;21649392.307692308
TEF.MC;C;2023-12-04;3.1999;2024-12-02;3.7372;TIMEOUT;0.1679;-0.0853;52;47;0.5559;3.1999;5.5077;7.1894;False;False;;0.225;2.0398;2.7866;MC;2.1732;0.0689;0.1429;17;75;62;90292802.46774194
BLDR;A;2023-12-11;162.51;2024-12-09;166.43;TIMEOUT;0.0241;-0.1954;52;79;0.4955;52.7;273.7547;377.9047;False;False;;0.3211;52.7;105.24;US;4.5743;0.4032;0.6627;6;44;13;7665646.153846154
BLK;A;2023-12-11;775.1238;2024-12-09;1023.816;TIMEOUT;0.3208;-0.084;52;58;0.521;279.1872;1510.653;2097.8916;False;False;;0.3532;279.1872;560.5008;US;1.6528;0.2591;1.0;7;86;102;3563222.5490196077
CBRE;A;2023-12-11;91.12;2024-12-09;137.3;TIMEOUT;0.5068;-0.0919;52;55;0.6627;41.03;177.8415;247.8115;False;False;;0.5584;41.03;64.63;US;1.5383;0.2364;0.9205;7;74;94;8405008.510638298
DHI;A;2023-12-11;145.8373;2024-12-09;146.8048;TIMEOUT;0.0066;-0.1102;52;59;0.4228;56.6979;213.1601;284.435;False;False;;0.3391;56.6979;97.8372;US;1.8307;0.2938;0.7395;6;57;15;13132733.333333334
EXR;A;2023-12-11;137.9339;2024-12-09;146.3315;TIMEOUT;0.0609;-0.1399;52;55;0.6389;63.632;313.3465;439.5222;False;False;;0.2397;63.632;109.1944;US;2.0052;0.1802;0.9382;19;85;83;5024344.578313253
GS;A;2023-12-11;360.5851;2024-12-09;568.2621;TIMEOUT;0.5759;-0.0222;52;43;0.4033;113.06;702.8719;969.1865;False;False;;0.6471;113.06;271.9747;US;1.3246;0.0766;0.8468;7;85;103;12085594.174757281
LEN;A;2023-12-11;138.0976;2024-12-09;144.663;TIMEOUT;0.0475;-0.0483;52;58;0.4099;56.531;202.9683;269.2877;False;False;;0.3113;56.531;95.6637;US;1.9408;0.2644;0.6274;6;56;16;10955933.375
PLD;A;2023-12-11;123.6539;2024-12-09;104.771;TIMEOUT;-0.1527;-0.2413;52;63;0.6295;50.3192;254.9342;357.8348;False;False;;0.0187;50.3192;88.441;US;1.9614;0.3953;0.8201;7;108;79;17064986.075949367
POOL;A;2023-12-11;373.6502;2024-12-09;350.0488;TIMEOUT;-0.0632;-0.2476;52;56;0.6316;147.3399;931.4163;1326.147;False;False;;0.0773;147.3399;292.742;US;1.4376;0.2605;0.8674;7;86;101;2000276.2376237623
PRU;A;2023-12-11;91.9437;2024-12-09;111.4801;TIMEOUT;0.2125;-0.0314;52;35;0.3969;42.3324;169.4307;226.6545;False;False;;0.3138;42.3324;76.8427;US;1.6446;0.1357;0.5044;7;85;89;9188631.460674157
RF;A;2023-12-11;17.5477;2024-12-09;23.61;TIMEOUT;0.3455;-0.108;52;54;0.6683;7.6836;33.9656;47.4459;False;False;;0.4844;7.6836;12.1544;US;1.5961;0.2119;0.9038;7;84;88;43303544.31818182
SAND.ST;A;2023-12-11;206.3305;2024-12-09;199.4123;TIMEOUT;-0.0335;-0.0854;52;56;0.449;92.1478;374.6573;504.905;False;False;;0.1185;92.1478;163.9165;ST;1.5054;0.0344;0.9483;7;94;94;10798953.29787234
SHUR.BR;A;2023-12-11;40.5277;2024-12-09;34.2996;TIMEOUT;-0.1537;-0.2164;52;61;0.6475;20.0988;81.7067;112.9718;False;False;;0.0335;20.0988;31.1199;BR;1.9073;0.0912;0.9505;7;108;80;168539.325
SPG;A;2023-12-11;127.79;2024-12-09;167.1488;TIMEOUT;0.308;-0.0637;52;54;0.5279;50.1886;222.4292;304.8378;False;False;;0.3391;50.1886;89.092;US;1.3056;0.4144;0.8439;10;53;98;8864509.18367347
TAP;A;2023-12-11;56.5099;2024-12-09;57.5895;TIMEOUT;0.0191;-0.1917;52;59;0.59;41.2375;87.3388;110.0715;False;False;;0.1273;41.2375;50.5574;US;1.4258;0.0871;0.1525;6;42;14;8289592.857142857
BLDR;B;2023-12-11;162.51;2024-12-09;166.43;TIMEOUT;0.0241;-0.1954;52;79;0.4955;105.24;273.7547;377.9047;False;False;;0.3211;52.7;105.24;US;4.5743;0.4032;0.6627;6;44;13;7665646.153846154
BLK;B;2023-12-11;775.1238;2024-12-09;1023.816;TIMEOUT;0.3208;-0.084;52;58;0.521;560.5008;1510.653;2097.8916;False;False;;0.3532;279.1872;560.5008;US;1.6528;0.2591;1.0;7;86;102;3563222.5490196077
CBRE;B;2023-12-11;91.12;2024-12-09;137.3;TIMEOUT;0.5068;-0.0919;52;55;0.6627;64.63;177.8415;247.8115;False;False;;0.5584;41.03;64.63;US;1.5383;0.2364;0.9205;7;74;94;8405008.510638298
DHI;B;2023-12-11;145.8373;2024-12-09;146.8048;TIMEOUT;0.0066;-0.1102;52;59;0.4228;97.8372;213.1601;284.435;False;False;;0.3391;56.6979;97.8372;US;1.8307;0.2938;0.7395;6;57;15;13132733.333333334
EXR;B;2023-12-11;137.9339;2024-12-09;146.3315;TIMEOUT;0.0609;-0.1399;52;55;0.6389;109.1944;313.3465;439.5222;False;False;;0.2397;63.632;109.1944;US;2.0052;0.1802;0.9382;19;85;83;5024344.578313253
GS;B;2023-12-11;360.5851;2024-12-09;568.2621;TIMEOUT;0.5759;-0.0222;52;43;0.4033;271.9747;702.8719;969.1865;False;False;;0.6471;113.06;271.9747;US;1.3246;0.0766;0.8468;7;85;103;12085594.174757281
LEN;B;2023-12-11;138.0976;2024-12-09;144.663;TIMEOUT;0.0475;-0.0483;52;58;0.4099;95.6637;202.9683;269.2877;False;False;;0.3113;56.531;95.6637;US;1.9408;0.2644;0.6274;6;56;16;10955933.375
PLD;B;2023-12-11;123.6539;2024-12-09;104.771;TIMEOUT;-0.1527;-0.2413;52;63;0.6295;88.441;254.9342;357.8348;False;False;;0.0187;50.3192;88.441;US;1.9614;0.3953;0.8201;7;108;79;17064986.075949367
POOL;B;2023-12-11;373.6502;2024-06-24;292.742;STOP_C;-0.2165;-0.2329;28;56;0.6316;292.742;931.4163;1326.147;False;False;;0.0773;147.3399;292.742;US;1.4376;0.2605;0.8674;7;86;101;2000276.2376237623
PRU;B;2023-12-11;91.9437;2024-12-09;111.4801;TIMEOUT;0.2125;-0.0314;52;35;0.3969;76.8427;169.4307;226.6545;False;False;;0.3138;42.3324;76.8427;US;1.6446;0.1357;0.5044;7;85;89;9188631.460674157
RF;B;2023-12-11;17.5477;2024-12-09;23.61;TIMEOUT;0.3455;-0.108;52;54;0.6683;12.1544;33.9656;47.4459;False;False;;0.4844;7.6836;12.1544;US;1.5961;0.2119;0.9038;7;84;88;43303544.31818182
SAND.ST;B;2023-12-11;206.3305;2024-12-09;199.4123;TIMEOUT;-0.0335;-0.0854;52;56;0.449;163.9165;374.6573;504.905;False;False;;0.1185;92.1478;163.9165;ST;1.5054;0.0344;0.9483;7;94;94;10798953.29787234
SHUR.BR;B;2023-12-11;40.5277;2024-12-09;34.2996;TIMEOUT;-0.1537;-0.2164;52;61;0.6475;31.1199;81.7067;112.9718;False;False;;0.0335;20.0988;31.1199;BR;1.9073;0.0912;0.9505;7;108;80;168539.325
SPG;B;2023-12-11;127.79;2024-12-09;167.1488;TIMEOUT;0.308;-0.0637;52;54;0.5279;89.092;222.4292;304.8378;False;False;;0.3391;50.1886;89.092;US;1.3056;0.4144;0.8439;10;53;98;8864509.18367347
TAP;B;2023-12-11;56.5099;2024-05-20;50.5574;STOP_C;-0.1053;-0.1305;23;59;0.59;50.5574;87.3388;110.0715;False;False;;0.1273;41.2375;50.5574;US;1.4258;0.0871;0.1525;6;42;14;8289592.857142857
BLDR;C;2023-12-11;162.51;2024-04-08;188.936;STOP_C_P3;0.1626;-0.0523;17;79;0.4955;188.936;273.7547;377.9047;False;False;;0.3211;52.7;105.24;US;4.5743;0.4032;0.6627;6;44;13;7665646.153846154
BLK;C;2023-12-11;775.1238;2024-12-09;1023.816;TIMEOUT;0.3208;-0.084;52;58;0.521;775.1238;1510.653;2097.8916;False;False;;0.3532;279.1872;560.5008;US;1.6528;0.2591;1.0;7;86;102;3563222.5490196077
CBRE;C;2023-12-11;91.12;2024-12-09;137.3;TIMEOUT;0.5068;-0.0919;52;55;0.6627;124.96;177.8415;247.8115;False;False;;0.5584;41.03;64.63;US;1.5383;0.2364;0.9205;7;74;94;8405008.510638298
DHI;C;2023-12-11;145.8373;2024-10-28;171.8596;STOP_C_P3;0.1784;-0.1102;46;59;0.4228;171.8596;213.1601;284.435;False;False;;0.3391;56.6979;97.8372;US;1.8307;0.2938;0.7395;6;57;15;13132733.333333334
EXR;C;2023-12-11;137.9339;2024-12-09;146.3315;TIMEOUT;0.0609;-0.1399;52;55;0.6389;137.9339;313.3465;439.5222;False;False;;0.2397;63.632;109.1944;US;2.0052;0.1802;0.9382;19;85;83;5024344.578313253
GS;C;2023-12-11;360.5851;2024-12-09;568.2621;TIMEOUT;0.5759;-0.0222;52;43;0.4033;522.6451;702.8719;969.1865;False;False;;0.6471;113.06;271.9747;US;1.3246;0.0766;0.8468;7;85;103;12085594.174757281
LEN;C;2023-12-11;138.0976;2024-06-17;138.0976;STOP_C_P2;0.0;-0.0372;27;58;0.4099;138.0976;202.9683;269.2877;False;False;;0.1599;56.531;95.6637;US;1.9408;0.2644;0.6274;6;56;16;10955933.375
PLD;C;2023-12-11;123.6539;2024-12-09;104.771;TIMEOUT;-0.1527;-0.2413;52;63;0.6295;84.019;254.9342;357.8348;False;False;;0.0187;50.3192;88.441;US;1.9614;0.3953;0.8201;7;108;79;17064986.075949367
POOL;C;2023-12-11;373.6502;2024-12-09;350.0488;TIMEOUT;-0.0632;-0.2476;52;56;0.6316;278.1049;931.4163;1326.147;False;False;;0.0773;147.3399;292.742;US;1.4376;0.2605;0.8674;7;86;101;2000276.2376237623
PRU;C;2023-12-11;91.9437;2024-12-09;111.4801;TIMEOUT;0.2125;-0.0314;52;35;0.3969;91.9437;169.4307;226.6545;False;False;;0.3138;42.3324;76.8427;US;1.6446;0.1357;0.5044;7;85;89;9188631.460674157
RF;C;2023-12-11;17.5477;2024-12-09;23.61;TIMEOUT;0.3455;-0.108;52;54;0.6683;22.9228;33.9656;47.4459;False;False;;0.4844;7.6836;12.1544;US;1.5961;0.2119;0.9038;7;84;88;43303544.31818182
SAND.ST;C;2023-12-11;206.3305;2024-12-09;199.4123;TIMEOUT;-0.0335;-0.0854;52;56;0.449;155.7207;374.6573;504.905;False;False;;0.1185;92.1478;163.9165;ST;1.5054;0.0344;0.9483;7;94;94;10798953.29787234
SHUR.BR;C;2023-12-11;40.5277;2024-12-09;34.2996;TIMEOUT;-0.1537;-0.2164;52;61;0.6475;29.5639;81.7067;112.9718;False;False;;0.0335;20.0988;31.1199;BR;1.9073;0.0912;0.9505;7;108;80;168539.325
SPG;C;2023-12-11;127.79;2024-12-09;167.1488;TIMEOUT;0.308;-0.0637;52;54;0.5279;127.79;222.4292;304.8378;False;False;;0.3391;50.1886;89.092;US;1.3056;0.4144;0.8439;10;53;98;8864509.18367347
TAP;C;2023-12-11;56.5099;2024-06-10;48.0295;STOP_C_P1;-0.1501;-0.1917;26;59;0.59;48.0295;87.3388;110.0715;False;False;;0.1273;41.2375;50.5574;US;1.4258;0.0871;0.1525;6;42;14;8289592.857142857
APTV;A;2024-01-22;86.04;2025-01-20;63.43;TIMEOUT;-0.2628;-0.4018;52;50;0.6868;42.11;309.9666;448.6666;False;False;;0.0331;42.11;85.55;US;1.9509;0.0246;0.941;13;84;103;9223028.155339805
AXP;A;2024-01-22;195.9659;2025-01-20;316.0891;TIMEOUT_T1;0.613;-0.0117;52;40;0.403;83.0951;294.0261;389.2566;True;False;43;0.6377;83.0951;139.9433;US;1.5596;0.1389;0.8387;16;51;102;16384754.901960785
RJF;A;2024-01-22;109.3776;2025-01-20;169.1478;TIMEOUT;0.5465;-0.0727;52;18;0.3093;39.7053;201.8158;272.0323;False;False;;0.551;39.7053;88.2054;US;1.5283;0.0326;0.5123;13;83;89;5897291.011235955
TEL;A;2024-01-22;139.3567;2025-01-20;151.7759;TIMEOUT;0.0891;-0.0436;52;60;0.5181;68.9036;249.8455;336.0137;False;False;;0.1167;68.9036;110.4254;US;2.2012;0.0269;0.8301;13;74;101;7619763.366336633
APTV;B;2024-01-22;86.04;2024-01-29;85.55;STOP_C;-0.0057;-0.0656;1;50;0.6868;85.55;309.9666;448.6666;False;False;;0.0331;42.11;85.55;US;1.9509;0.0246;0.941;13;84;103;9223028.155339805
AXP;B;2024-01-22;195.9659;2025-01-20;316.0891;TIMEOUT_T1;0.613;-0.0117;52;40;0.403;139.9433;294.0261;389.2566;True;False;43;0.6377;83.0951;139.9433;US;1.5596;0.1389;0.8387;16;51;102;16384754.901960785
RJF;B;2024-01-22;109.3776;2025-01-20;169.1478;TIMEOUT;0.5465;-0.0727;52;18;0.3093;88.2054;201.8158;272.0323;False;False;;0.551;39.7053;88.2054;US;1.5283;0.0326;0.5123;13;83;89;5897291.011235955
TEL;B;2024-01-22;139.3567;2025-01-20;151.7759;TIMEOUT;0.0891;-0.0436;52;60;0.5181;110.4254;249.8455;336.0137;False;False;;0.1167;68.9036;110.4254;US;2.2012;0.0269;0.8301;13;74;101;7619763.366336633
APTV;C;2024-01-22;86.04;2024-01-29;81.2725;STOP_C_P1;-0.0554;-0.0656;1;50;0.6868;81.2725;309.9666;448.6666;False;False;;0.0331;42.11;85.55;US;1.9509;0.0246;0.941;13;84;103;9223028.155339805
AXP;C;2024-01-22;195.9659;2024-08-05;220.7096;STOP_C_P3;0.1263;-0.0117;28;40;0.403;220.7096;294.0261;389.2566;False;False;;0.2798;83.0951;139.9433;US;1.5596;0.1389;0.8387;16;51;102;16384754.901960785
RJF;C;2024-01-22;109.3776;2024-07-15;109.3776;STOP_C_P2;0.0;-0.0439;25;18;0.3093;109.3776;201.8158;272.0323;False;False;;0.1628;39.7053;88.2054;US;1.5283;0.0326;0.5123;13;83;89;5897291.011235955
TEL;C;2024-01-22;139.3567;2025-01-20;151.7759;TIMEOUT;0.0891;-0.0436;52;60;0.5181;104.9042;249.8455;336.0137;False;False;;0.1167;68.9036;110.4254;US;2.2012;0.0269;0.8301;13;74;101;7619763.366336633
AVY;A;2024-01-29;189.4604;2025-01-27;179.7939;TIMEOUT;-0.051;-0.0844;52;40;0.4411;88.62;353.9708;475.8632;False;False;;0.1831;88.62;156.7489;US;1.5044;0.1911;0.4896;14;78;102;2545362.745098039
CLX;A;2024-01-29;141.9718;2025-01-27;148.7939;TIMEOUT;0.0481;-0.1771;52;49;0.7395;103.2756;205.5258;259.9584;False;False;;0.1232;103.2756;117.4539;US;1.8002;0.0624;0.8397;19;46;20;5753815.0
NUE;A;2024-01-29;176.7888;2025-01-27;125.6322;TIMEOUT;-0.2894;-0.3789;52;41;0.4471;82.8457;286.1206;379.7562;False;False;;0.11;82.8457;134.6182;US;1.458;0.0728;0.5754;14;12;79;9078416.455696203
SKF-B.ST;A;2024-01-29;192.0192;2025-01-27;212.5945;TIMEOUT;0.1072;-0.1246;52;53;0.6401;125.435;257.3432;324.0358;False;False;;0.184;125.435;149.4347;ST;1.5909;0.0941;0.8364;14;23;33;7012311.939393939
AVY;B;2024-01-29;189.4604;2025-01-27;179.7939;TIMEOUT;-0.051;-0.0844;52;40;0.4411;156.7489;353.9708;475.8632;False;False;;0.1831;88.62;156.7489;US;1.5044;0.1911;0.4896;14;78;102;2545362.745098039
CLX;B;2024-01-29;141.9718;2024-05-27;117.4539;STOP_C;-0.1727;-0.1771;17;49;0.7395;117.4539;205.5258;259.9584;False;False;;0.0096;103.2756;117.4539;US;1.8002;0.0624;0.8397;19;46;20;5753815.0
NUE;B;2024-01-29;176.7888;2024-09-02;134.6182;STOP_C;-0.2385;-0.2433;31;41;0.4471;134.6182;286.1206;379.7562;False;False;;0.11;82.8457;134.6182;US;1.458;0.0728;0.5754;14;12;79;9078416.455696203
SKF-B.ST;B;2024-01-29;192.0192;2025-01-27;212.5945;TIMEOUT;0.1072;-0.1246;52;53;0.6401;149.4347;257.3432;324.0358;False;False;;0.184;125.435;149.4347;ST;1.5909;0.0941;0.8364;14;23;33;7012311.939393939
AVY;C;2024-01-29;189.4604;2024-11-18;189.4604;STOP_C_P2;0.0;-0.0209;42;40;0.4411;189.4604;353.9708;475.8632;False;False;;0.1831;88.62;156.7489;US;1.5044;0.1911;0.4896;14;78;102;2545362.745098039
CLX;C;2024-01-29;141.9718;2025-01-27;148.7939;TIMEOUT;0.0481;-0.1771;52;49;0.7395;111.5812;205.5258;259.9584;False;False;;0.1232;103.2756;117.4539;US;1.8002;0.0624;0.8397;19;46;20;5753815.0
NUE;C;2024-01-29;176.7888;2024-12-09;127.8873;STOP_C_P1;-0.2766;-0.3116;45;41;0.4471;127.8873;286.1206;379.7562;False;False;;0.11;82.8457;134.6182;US;1.458;0.0728;0.5754;14;12;79;9078416.455696203
SKF-B.ST;C;2024-01-29;192.0192;2024-06-10;200.0657;STOP_C_P3;0.0419;-0.0267;19;53;0.6401;200.0657;257.3432;324.0358;False;False;;0.184;125.435;149.4347;ST;1.5909;0.0941;0.8364;14;23;33;7012311.939393939
PEG;A;2024-02-26;57.445;2025-02-24;77.3155;TIMEOUT;0.3459;0.0;52;43;0.5995;38.1513;93.4632;120.8663;False;False;;0.5685;38.1513;49.125;US;1.5393;0.0219;0.7702;21;95;76;12874969.736842105
PEG;B;2024-02-26;57.445;2025-02-24;77.3155;TIMEOUT;0.3459;0.0;52;43;0.5995;49.125;93.4632;120.8663;False;False;;0.5685;38.1513;49.125;US;1.5393;0.0219;0.7702;21;95;76;12874969.736842105
PEG;C;2024-02-26;57.445;2024-11-04;76.7745;STOP_C_P3;0.3365;0.0;36;43;0.5995;76.7745;93.4632;120.8663;False;False;;0.5187;38.1513;49.125;US;1.5393;0.0219;0.7702;21;95;76;12874969.736842105
BX;A;2024-03-11;115.4733;2025-03-10;133.6371;TIMEOUT;0.1573;-0.0669;52;40;0.4531;26.2904;243.7955;344.2631;False;False;;0.6368;26.2904;81.2388;US;1.6155;0.1456;0.4528;20;87;101;23598528.712871287
BX;B;2024-03-11;115.4733;2025-03-10;133.6371;TIMEOUT;0.1573;-0.0669;52;40;0.4531;81.2388;243.7955;344.2631;False;False;;0.6368;26.2904;81.2388;US;1.6155;0.1456;0.4528;20;87;101;23598528.712871287
BX;C;2024-03-11;115.4733;2024-12-16;166.3224;STOP_C_P3;0.4404;-0.0669;40;40;0.4531;166.3224;243.7955;344.2631;False;False;;0.6368;26.2904;81.2388;US;1.6155;0.1456;0.4528;20;87;101;23598528.712871287
CSX;A;2024-04-15;33.2359;2025-04-14;27.1815;TIMEOUT;-0.1822;-0.2253;52;18;0.3851;14.3551;63.5827;85.629;False;False;;0.0881;14.3551;27.9117;US;1.3169;0.0763;0.2199;25;102;85;69932021.1764706
MS;A;2024-04-15;84.5315;2025-04-14;105.1793;TIMEOUT;0.2443;0.0;52;38;0.425;22.2918;181.4786;254.0686;False;False;;0.6186;22.2918;64.0279;US;1.3542;0.0144;0.8434;25;99;89;38609812.359550565
CSX;B;2024-04-15;33.2359;2025-03-31;27.9117;STOP_C;-0.1602;-0.2037;50;18;0.3851;27.9117;63.5827;85.629;False;False;;0.0881;14.3551;27.9117;US;1.3169;0.0763;0.2199;25;102;85;69932021.1764706
MS;B;2024-04-15;84.5315;2025-04-14;105.1793;TIMEOUT;0.2443;0.0;52;38;0.425;64.0279;181.4786;254.0686;False;False;;0.6186;22.2918;64.0279;US;1.3542;0.0144;0.8434;25;99;89;38609812.359550565
CSX;C;2024-04-15;33.2359;2025-03-31;26.5161;STOP_C_P1;-0.2022;-0.2037;50;18;0.3851;26.5161;63.5827;85.629;False;False;;0.0881;14.3551;27.9117;US;1.3169;0.0763;0.2199;25;102;85;69932021.1764706
MS;C;2024-04-15;84.5315;2025-03-03;120.4065;STOP_C_P3;0.4244;0.0;46;38;0.425;120.4065;181.4786;254.0686;False;False;;0.6186;22.2918;64.0279;US;1.3542;0.0144;0.8434;25;99;89;38609812.359550565
SON.LS;A;2024-05-06;0.8478;2025-05-05;1.0429;TIMEOUT;0.2302;-0.0557;52;58;0.6769;0.6668;1.0628;1.2668;False;False;;0.2518;0.6668;0.7327;LS;2.3444;0.0495;0.8333;9;22;52;9332645.865384616
SON.LS;B;2024-05-06;0.8478;2025-05-05;1.0429;TIMEOUT;0.2302;-0.0557;52;58;0.6769;0.7327;1.0628;1.2668;False;False;;0.2518;0.6668;0.7327;LS;2.3444;0.0495;0.8333;9;22;52;9332645.865384616
SON.LS;C;2024-05-06;0.8478;2025-05-05;1.0429;TIMEOUT;0.2302;-0.0557;52;58;0.6769;0.9339;1.0628;1.2668;False;False;;0.2518;0.6668;0.7327;LS;2.3444;0.0495;0.8333;9;22;52;9332645.865384616
CCL;A;2024-06-24;18.4239;2025-06-23;26.8289;TIMEOUT;0.4562;-0.2639;52;58;0.4833;8.2376;30.318;40.6618;False;False;;0.5342;8.2376;13.5817;US;1.8301;0.0833;0.9315;10;15;42;148374761.9047619
CCL;B;2024-06-24;18.4239;2024-08-05;13.5817;STOP_C;-0.2628;-0.2639;6;58;0.4833;13.5817;30.318;40.6618;False;False;;0.0406;8.2376;13.5817;US;1.8301;0.0833;0.9315;10;15;42;148374761.9047619
CCL;C;2024-06-24;18.4239;2025-01-06;23.5315;STOP_C_P3;0.2772;-0.2639;28;58;0.4833;23.5315;30.318;40.6618;False;False;;0.4514;8.2376;13.5817;US;1.8301;0.0833;0.9315;10;15;42;148374761.9047619
DASH;A;2024-07-29;117.23;2025-07-28;248.35;TIMEOUT_T1;1.1185;-0.094;52;74;0.4793;51.5;247.9171;339.7571;True;False;48;1.157;51.5;99.32;US;1.667;0.0779;0.8424;1;54;17;19662576.470588237
DASH;B;2024-07-29;117.23;2025-07-28;248.35;TIMEOUT_T1;1.1185;-0.094;52;74;0.4793;99.32;247.9171;339.7571;True;False;48;1.157;51.5;99.32;US;1.667;0.0779;0.8424;1;54;17;19662576.470588237
DASH;C;2024-07-29;117.23;2025-02-24;189.4156;STOP_C_P3;0.6158;-0.094;30;74;0.4793;189.4156;247.9171;339.7571;False;False;;0.8361;51.5;99.32;US;1.667;0.0779;0.8424;1;54;17;19662576.470588237
WDAY;A;2024-08-19;259.95;2025-08-18;221.27;TIMEOUT;-0.1488;-0.2101;52;76;0.6106;128.72;495.1921;677.7521;False;False;;0.131;128.72;199.81;US;1.8161;0.2258;0.8411;2;69;23;11392243.47826087
WDAY;B;2024-08-19;259.95;2025-08-18;221.27;TIMEOUT;-0.1488;-0.2101;52;76;0.6106;199.81;495.1921;677.7521;False;False;;0.131;128.72;199.81;US;1.8161;0.2258;0.8411;2;69;23;11392243.47826087
WDAY;C;2024-08-19;259.95;2025-08-18;221.27;TIMEOUT;-0.1488;-0.2101;52;76;0.6106;189.8195;495.1921;677.7521;False;False;;0.131;128.72;199.81;US;1.8161;0.2258;0.8411;2;69;23;11392243.47826087
CEG;A;2024-09-16;252.4313;2025-09-15;329.5663;TIMEOUT;0.3056;-0.365;52;63;0.4498;69.4768;424.3451;588.0151;False;False;;0.4069;69.4768;159.5272;US;1.4461;0.2689;0.9958;7;61;10;17568140.0
CEG;B;2024-09-16;252.4313;2025-09-15;329.5663;TIMEOUT;0.3056;-0.365;52;63;0.4498;159.5272;424.3451;588.0151;False;False;;0.4069;69.4768;159.5272;US;1.4461;0.2689;0.9958;7;61;10;17568140.0
CEG;C;2024-09-16;252.4313;2025-01-27;307.1448;STOP_C_P3;0.2167;-0.1372;19;63;0.4498;307.1448;424.3451;588.0151;False;False;;0.3827;69.4768;159.5272;US;1.4461;0.2689;0.9958;7;61;10;17568140.0
CCL;A;2024-09-30;17.735;2025-09-29;28.1182;TIMEOUT_T1;0.5855;-0.1637;52;35;0.4833;8.2376;30.318;40.6618;True;False;42;0.8202;8.2376;13.5817;US;1.3927;0.0695;0.5322;24;15;42;148374761.9047619
CCL;B;2024-09-30;17.735;2025-09-29;28.1182;TIMEOUT_T1;0.5855;-0.1637;52;35;0.4833;13.5817;30.318;40.6618;True;False;42;0.8202;8.2376;13.5817;US;1.3927;0.0695;0.5322;24;15;42;148374761.9047619
CCL;C;2024-09-30;17.735;2025-01-06;23.5315;STOP_C_P3;0.3268;-0.0105;14;35;0.4833;23.5315;30.318;40.6618;False;False;;0.5078;8.2376;13.5817;US;1.3927;0.0695;0.5322;24;15;42;148374761.9047619
UBER;A;2024-10-07;86.34;2025-10-06;93.4;TIMEOUT;0.0818;-0.3128;52;66;0.4611;22.94;150.6256;209.8256;False;False;;0.1813;22.94;54.84;US;1.4191;0.2136;0.9503;9;73;22;86468513.63636364
UBER;B;2024-10-07;86.34;2025-10-06;93.4;TIMEOUT;0.0818;-0.3128;52;66;0.4611;54.84;150.6256;209.8256;False;False;;0.1813;22.94;54.84;US;1.4191;0.2136;0.9503;9;73;22;86468513.63636364
UBER;C;2024-10-07;86.34;2025-10-06;93.4;TIMEOUT;0.0818;-0.3128;52;66;0.4611;86.34;150.6256;209.8256;False;False;;0.1813;22.94;54.84;US;1.4191;0.2136;0.9503;9;73;22;86468513.63636364
PCAR;A;2024-10-21;99.2294;2025-10-20;97.7209;TIMEOUT;-0.0152;-0.173;52;46;0.4454;43.266;203.2207;276.844;False;False;;0.1277;43.266;84.0983;US;1.3053;0.0338;0.5531;11;129;19;14006378.94736842
PCAR;B;2024-10-21;99.2294;2025-04-07;84.0983;STOP_C;-0.1525;-0.1686;24;46;0.4454;84.0983;203.2207;276.844;False;False;;0.1277;43.266;84.0983;US;1.3053;0.0338;0.5531;11;129;19;14006378.94736842
PCAR;C;2024-10-21;99.2294;2025-10-20;97.7209;TIMEOUT;-0.0152;-0.173;52;46;0.4454;79.8934;203.2207;276.844;False;False;;0.1277;43.266;84.0983;US;1.3053;0.0338;0.5531;11;129;19;14006378.94736842
ROK;A;2024-11-04;264.7997;2025-11-03;369.6952;TIMEOUT;0.3961;-0.2028;52;39;0.5875;177.6592;490.0051;643.8335;False;False;;0.4836;177.6592;241.1107;US;1.5482;0.1092;0.2932;21;56;47;4405517.021276596
ROK;B;2024-11-04;264.7997;2025-03-31;241.1107;STOP_C;-0.0895;-0.1899;21;39;0.5875;241.1107;490.0051;643.8335;False;False;;0.1396;177.6592;241.1107;US;1.5482;0.1092;0.2932;21;56;47;4405517.021276596
ROK;C;2024-11-04;264.7997;2025-03-31;229.0552;STOP_C_P1;-0.135;-0.1899;21;39;0.5875;229.0552;490.0051;643.8335;False;False;;0.1396;177.6592;241.1107;US;1.5482;0.1092;0.2932;21;56;47;4405517.021276596
ZS;A;2024-12-02;211.99;2025-12-01;242.68;TIMEOUT;0.1448;-0.2227;52;61;0.5933;84.93;438.6022;613.2822;False;False;;0.5897;84.93;155.97;US;2.0755;0.2975;0.8463;17;40;26;10641950.0
ZS;B;2024-12-02;211.99;2025-12-01;242.68;TIMEOUT;0.1448;-0.2227;52;61;0.5933;155.97;438.6022;613.2822;False;False;;0.5897;84.93;155.97;US;2.0755;0.2975;0.8463;17;40;26;10641950.0
ZS;C;2024-12-02;211.99;2025-11-10;296.5512;STOP_C_P3;0.3989;-0.2227;49;61;0.5933;296.5512;438.6022;613.2822;False;False;;0.5897;84.93;155.97;US;2.0755;0.2975;0.8463;17;40;26;10641950.0
LRCX;A;2024-12-16;71.0034;2025-12-15;171.9427;TIMEOUT;1.4216;-0.2131;52;55;0.5252;28.8714;200.9232;283.1336;False;False;;1.44;28.8714;67.9068;US;1.3997;0.0319;0.1781;4;91;19;63979715.78947368
MPWR;A;2024-12-16;585.054;2025-12-15;932.2386;TIMEOUT;0.5934;-0.2567;52;45;0.7238;384.2567;1446.7112;2007.6054;False;False;;0.9101;384.2567;539.1842;US;1.5093;0.045;0.1748;4;43;12;4004991.6666666665
LRCX;B;2024-12-16;71.0034;2025-03-31;67.9068;STOP_C;-0.0436;-0.1901;15;55;0.5252;67.9068;200.9232;283.1336;False;False;;0.2776;28.8714;67.9068;US;1.3997;0.0319;0.1781;4;91;19;63979715.78947368
MPWR;B;2024-12-16;585.054;2025-03-31;539.1842;STOP_C;-0.0784;-0.2356;15;45;0.7238;539.1842;1446.7112;2007.6054;False;False;;0.223;384.2567;539.1842;US;1.5093;0.045;0.1748;4;43;12;4004991.6666666665
LRCX;C;2024-12-16;71.0034;2025-03-31;71.0034;STOP_C_P2;0.0;-0.1901;15;55;0.5252;71.0034;200.9232;283.1336;False;False;;0.2776;28.8714;67.9068;US;1.3997;0.0319;0.1781;4;91;19;63979715.78947368
MPWR;C;2024-12-16;585.054;2025-01-27;585.054;STOP_C_P2;0.0;-0.0263;6;45;0.7238;585.054;1446.7112;2007.6054;False;False;;0.1824;384.2567;539.1842;US;1.5093;0.045;0.1748;4;43;12;4004991.6666666665
1MU.MI;A;2025-01-13;101.1757;2026-01-12;306.3033;TIMEOUT_T1;2.0274;-0.4652;52;70;0.6565;45.1214;244.0926;345.5326;True;False;50;2.1065;45.1214;79.9626;MI;1.4752;0.0124;0.9087;4;77;26;21370.423076923078
UBER;A;2025-01-13;67.34;2026-01-12;84.85;TIMEOUT;0.26;-0.0996;52;48;0.4611;22.94;150.6256;209.8256;False;False;;0.5146;22.94;54.84;US;1.4867;0.0176;0.5484;23;73;22;86468513.63636364
1MU.MI;B;2025-01-13;101.1757;2025-03-10;79.9626;STOP_C;-0.2097;-0.2226;8;70;0.6565;79.9626;244.0926;345.5326;False;False;;0.047;45.1214;79.9626;MI;1.4752;0.0124;0.9087;4;77;26;21370.423076923078
UBER;B;2025-01-13;67.34;2026-01-12;84.85;TIMEOUT;0.26;-0.0996;52;48;0.4611;54.84;150.6256;209.8256;False;False;;0.5146;22.94;54.84;US;1.4867;0.0176;0.5484;23;73;22;86468513.63636364
1MU.MI;C;2025-01-13;101.1757;2025-03-31;75.9644;STOP_C_P1;-0.2492;-0.4225;11;70;0.6565;75.9644;244.0926;345.5326;False;False;;0.047;45.1214;79.9626;MI;1.4752;0.0124;0.9087;4;77;26;21370.423076923078
UBER;C;2025-01-13;67.34;2025-03-31;67.34;STOP_C_P2;0.0;-0.0582;11;48;0.4611;67.34;150.6256;209.8256;False;False;;0.2192;22.94;54.84;US;1.4867;0.0176;0.5484;23;73;22;86468513.63636364
NVG.LS;A;2025-02-03;3.334;2026-02-02;3.1392;TIMEOUT;-0.0584;-0.1623;52;73;0.5425;2.4185;5.2939;6.6793;False;False;;0.0292;2.4185;3.0523;LS;2.477;0.0515;0.6406;7;68;31;2832935.7741935486
NVG.LS;B;2025-02-03;3.334;2025-02-24;3.0523;STOP_C;-0.0845;-0.0887;3;73;0.5425;3.0523;5.2939;6.6793;False;False;;0.0152;2.4185;3.0523;LS;2.477;0.0515;0.6406;7;68;31;2832935.7741935486
NVG.LS;C;2025-02-03;3.334;2025-04-07;2.8997;STOP_C_P1;-0.1303;-0.1376;9;73;0.5425;2.8997;5.2939;6.6793;False;False;;0.0152;2.4185;3.0523;LS;2.477;0.0515;0.6406;7;68;31;2832935.7741935486
CVNA;A;2025-02-24;46.62;2026-02-23;66.832;TIMEOUT;0.4335;-0.364;52;61;0.4629;13.522;100.0399;140.1857;False;False;;1.0888;13.522;35.084;US;1.4475;0.033;0.8378;8;31;5;72811500.0
MKC;A;2025-02-24;79.0776;2026-02-23;69.78;TIMEOUT;-0.1176;-0.2594;52;65;0.5351;54.9995;109.0145;134.9476;False;False;;0.0439;54.9995;67.0547;US;1.4432;0.044;0.793;6;49;17;8506164.705882354
CVNA;B;2025-02-24;46.62;2025-03-03;35.084;STOP_C;-0.2474;-0.2662;1;61;0.4629;35.084;100.0399;140.1857;False;False;;0.0205;13.522;35.084;US;1.4475;0.033;0.8378;8;31;5;72811500.0
MKC;B;2025-02-24;79.0776;2025-08-04;67.0547;STOP_C;-0.152;-0.1532;23;65;0.5351;67.0547;109.0145;134.9476;False;False;;0.0439;54.9995;67.0547;US;1.4432;0.044;0.793;6;49;17;8506164.705882354
CVNA;C;2025-02-24;46.62;2025-03-10;33.3298;STOP_C_P1;-0.2851;-0.2981;2;61;0.4629;33.3298;100.0399;140.1857;False;False;;0.0205;13.522;35.084;US;1.4475;0.033;0.8378;8;31;5;72811500.0
MKC;C;2025-02-24;79.0776;2025-09-15;63.702;STOP_C_P1;-0.1944;-0.198;29;65;0.5351;63.702;109.0145;134.9476;False;False;;0.0439;54.9995;67.0547;US;1.4432;0.044;0.793;6;49;17;8506164.705882354
DHI;A;2025-03-03;131.0763;2026-03-02;146.3795;TIMEOUT;0.1168;-0.1722;52;68;0.5285;56.6979;346.298;484.8951;False;False;;0.3913;56.6979;122.0478;US;1.6632;0.021;0.841;2;118;22;14051172.727272727
DHI;B;2025-03-03;131.0763;2025-03-31;122.0478;STOP_C;-0.0689;-0.1156;4;68;0.5285;122.0478;346.298;484.8951;False;False;;0.0353;56.6979;122.0478;US;1.6632;0.021;0.841;2;118;22;14051172.727272727
DHI;C;2025-03-03;131.0763;2025-03-31;115.9454;STOP_C_P1;-0.1154;-0.1156;4;68;0.5285;115.9454;346.298;484.8951;False;False;;0.0353;56.6979;122.0478;US;1.6632;0.021;0.841;2;118;22;14051172.727272727
CAT;A;2025-04-28;319.6215;2026-04-27;888.0226;TIMEOUT_T1;1.7784;-0.0172;52;65;0.5676;150.6547;681.9323;941.0476;True;False;40;1.8262;150.6547;262.6836;US;1.4161;0.0132;0.956;3;110;22;11787050.0
CAT;B;2025-04-28;319.6215;2026-04-27;888.0226;TIMEOUT_T1;1.7784;-0.0172;52;65;0.5676;262.6836;681.9323;941.0476;True;False;40;1.8262;150.6547;262.6836;US;1.4161;0.0132;0.956;3;110;22;11787050.0
CAT;C;2025-04-28;319.6215;2026-03-02;692.4276;STOP_C_P3;1.1664;-0.0172;44;65;0.5676;692.4276;681.9323;941.0476;True;False;40;1.4618;150.6547;262.6836;US;1.4161;0.0132;0.956;3;110;22;11787050.0
IR;A;2025-05-05;79.2027;2026-05-04;75.7109;TIMEOUT;-0.0441;-0.0859;52;59;0.6043;39.1056;173.5008;240.2424;False;False;;0.2738;39.1056;65.513;US;1.5025;0.0517;0.7868;4;124;19;12575315.789473685
NVG.LS;A;2025-05-05;3.0907;2026-05-04;3.1625;TIMEOUT;0.0232;-0.0963;52;49;0.6702;2.4185;5.117;6.5024;False;False;;0.1102;2.4185;2.8754;LS;1.6827;0.0462;0.46;4;68;47;3309168.914893617
IR;B;2025-05-05;79.2027;2026-05-04;75.7109;TIMEOUT;-0.0441;-0.0859;52;59;0.6043;65.513;173.5008;240.2424;False;False;;0.2738;39.1056;65.513;US;1.5025;0.0517;0.7868;4;124;19;12575315.789473685
NVG.LS;B;2025-05-05;3.0907;2025-10-27;2.8754;STOP_C;-0.0697;-0.075;25;49;0.6702;2.8754;5.117;6.5024;False;False;;0.1102;2.4185;2.8754;LS;1.6827;0.0462;0.46;4;68;47;3309168.914893617
IR;C;2025-05-05;79.2027;2026-03-23;79.2027;STOP_C_P2;0.0;-0.0859;46;59;0.6043;79.2027;173.5008;240.2424;False;False;;0.2738;39.1056;65.513;US;1.5025;0.0517;0.7868;4;124;19;12575315.789473685
NVG.LS;C;2025-05-05;3.0907;2026-05-04;3.1625;TIMEOUT;0.0232;-0.0963;52;49;0.6702;2.7316;5.117;6.5024;False;False;;0.1102;2.4185;2.8754;LS;1.6827;0.0462;0.46;4;68;47;3309168.914893617
AMAT;A;2025-05-12;163.8982;2026-05-11;436.0779;TIMEOUT_T1;1.6607;-0.0704;52;53;0.7056;68.8881;418.3956;601.1565;True;False;49;1.7328;68.8881;122.6886;US;1.724;0.2734;0.2524;6;91;38;33136407.89473684
ZS;A;2025-05-12;251.5;2026-05-11;161.05;TIMEOUT;-0.3596;-0.5442;52;57;0.5429;84.93;447.4122;622.0922;False;False;;0.3399;84.93;164.78;US;1.4381;0.2112;0.8768;5;40;61;9942560.655737706
AMAT;B;2025-05-12;163.8982;2026-05-11;436.0779;TIMEOUT_T1;1.6607;-0.0704;52;53;0.7056;122.6886;418.3956;601.1565;True;False;49;1.7328;68.8881;122.6886;US;1.724;0.2734;0.2524;6;91;38;33136407.89473684
ZS;B;2025-05-12;251.5;2026-02-02;164.78;STOP_C;-0.3448;-0.3521;38;57;0.5429;164.78;447.4122;622.0922;False;False;;0.3399;84.93;164.78;US;1.4381;0.2112;0.8768;5;40;61;9942560.655737706
AMAT;C;2025-05-12;163.8982;2025-08-11;163.8982;STOP_C_P2;0.0;-0.0704;13;53;0.7056;163.8982;418.3956;601.1565;False;False;;0.2181;68.8881;122.6886;US;1.724;0.2734;0.2524;6;91;38;33136407.89473684
ZS;C;2025-05-12;251.5;2025-11-24;251.5;STOP_C_P2;0.0;-0.0167;28;57;0.5429;251.5;447.4122;622.0922;False;False;;0.3399;84.93;164.78;US;1.4381;0.2112;0.8768;5;40;61;9942560.655737706
ADYEN.AS;A;2025-05-26;1689.6;2026-05-25;939.3;TIMEOUT;-0.4441;-0.5121;52;58;0.4533;602.8;2752.7977;3745.9977;False;False;;0.036;602.8;1145.8;AS;1.6372;0.1376;0.881;7;22;54;349831.2037037037
ADYEN.AS;B;2025-05-26;1689.6;2026-02-02;1145.8;STOP_C;-0.3219;-0.3434;36;58;0.4533;1145.8;2752.7977;3745.9977;False;False;;0.036;602.8;1145.8;AS;1.6372;0.1376;0.881;7;22;54;349831.2037037037
ADYEN.AS;C;2025-05-26;1689.6;2026-02-09;1088.51;STOP_C_P1;-0.3558;-0.4728;37;58;0.4533;1088.51;2752.7977;3745.9977;False;False;;0.036;602.8;1145.8;AS;1.6372;0.1376;0.881;7;22;54;349831.2037037037
FITB;A;2025-06-23;39.7901;2026-06-22;55.9133;TIMEOUT;0.4052;-0.0224;52;64;0.5672;19.2614;74.476;101.3995;False;False;;0.4167;19.2614;30.9137;US;1.6254;0.2175;0.9603;11;89;19;23343863.157894738
MPC;A;2025-06-23;164.1965;2026-06-22;254.06;TIMEOUT;0.5473;-0.0562;52;50;0.5833;71.1911;355.9665;495.9289;False;False;;0.6594;71.1911;129.5073;US;1.4783;0.2155;0.5486;16;91;48;12573697.916666666
FITB;B;2025-06-23;39.7901;2026-06-22;55.9133;TIMEOUT;0.4052;-0.0224;52;64;0.5672;30.9137;74.476;101.3995;False;False;;0.4167;19.2614;30.9137;US;1.6254;0.2175;0.9603;11;89;19;23343863.157894738
MPC;B;2025-06-23;164.1965;2026-06-22;254.06;TIMEOUT;0.5473;-0.0562;52;50;0.5833;129.5073;355.9665;495.9289;False;False;;0.6594;71.1911;129.5073;US;1.4783;0.2155;0.5486;16;91;48;12573697.916666666
FITB;C;2025-06-23;39.7901;2026-06-22;55.9133;TIMEOUT;0.4052;-0.0224;52;64;0.5672;39.7901;74.476;101.3995;False;False;;0.4167;19.2614;30.9137;US;1.6254;0.2175;0.9603;11;89;19;23343863.157894738
MPC;C;2025-06-23;164.1965;2025-12-22;164.1965;STOP_C_P2;0.0;-0.0562;26;50;0.5833;164.1965;355.9665;495.9289;False;False;;0.2151;71.1911;129.5073;US;1.4783;0.2155;0.5486;16;91;48;12573697.916666666
BLDR;A;2025-06-30;127.22;2026-06-29;84.69;TIMEOUT;-0.3343;-0.4883;52;58;0.5209;52.7;271.1147;375.2647;False;False;;0.1872;52.7;102.6;US;1.497;0.0224;0.8617;4;44;96;8001025.0
BLDR;B;2025-06-30;127.22;2025-11-17;102.6;STOP_C;-0.1935;-0.2584;20;58;0.5209;102.6;271.1147;375.2647;False;False;;0.1872;52.7;102.6;US;1.497;0.0224;0.8617;4;44;96;8001025.0
BLDR;C;2025-06-30;127.22;2025-09-15;127.22;STOP_C_P2;0.0;-0.0711;11;58;0.5209;127.22;271.1147;375.2647;False;False;;0.1872;52.7;102.6;US;1.497;0.0224;0.8617;4;44;96;8001025.0
KEY;A;2025-07-07;17.5862;2026-07-06;23.3;TIMEOUT;0.3249;-0.0919;52;55;0.6333;8.295;28.6376;38.8874;False;False;;0.3488;8.295;12.0534;US;1.4732;0.2325;0.375;14;57;18;61344627.777777776
KEY;B;2025-07-07;17.5862;2026-07-06;23.3;TIMEOUT;0.3249;-0.0919;52;55;0.6333;12.0534;28.6376;38.8874;False;False;;0.3488;8.295;12.0534;US;1.4732;0.2325;0.375;14;57;18;61344627.777777776
KEY;C;2025-07-07;17.5862;2026-02-23;20.147;STOP_C_P3;0.1456;-0.0919;33;55;0.6333;20.147;28.6376;38.8874;False;False;;0.3018;8.295;12.0534;US;1.4732;0.2325;0.375;14;57;18;61344627.777777776
GM;A;2025-07-21;52.9159;2026-07-20;82.64;TIMEOUT;0.5617;-0.032;52;65;0.5519;25.5732;97.1225;131.752;False;False;;0.6484;25.5732;41.092;US;1.4129;0.1739;0.8343;15;55;19;63144894.7368421
URI;A;2025-07-21;881.0676;2026-07-20;1139.6234;TIMEOUT;0.2935;-0.2067;52;64;0.6396;314.0372;1441.0072;2010.6403;False;False;;0.3343;314.0372;519.3409;US;1.5021;0.6845;1.0;15;80;21;3164842.8571428573
GM;B;2025-07-21;52.9159;2026-07-20;82.64;TIMEOUT;0.5617;-0.032;52;65;0.5519;41.092;97.1225;131.752;False;False;;0.6484;25.5732;41.092;US;1.4129;0.1739;0.8343;15;55;19;63144894.7368421
URI;B;2025-07-21;881.0676;2026-07-20;1139.6234;TIMEOUT;0.2935;-0.2067;52;64;0.6396;519.3409;1441.0072;2010.6403;False;False;;0.3343;314.0372;519.3409;US;1.5021;0.6845;1.0;15;80;21;3164842.8571428573
GM;C;2025-07-21;52.9159;2026-03-02;76.7571;STOP_C_P3;0.4505;-0.032;32;65;0.5519;76.7571;97.1225;131.752;False;False;;0.6484;25.5732;41.092;US;1.4129;0.1739;0.8343;15;55;19;63144894.7368421
URI;C;2025-07-21;881.0676;2026-07-20;1004.7134;STOP_C_P3;0.1403;-0.2067;52;64;0.6396;1004.7134;1441.0072;2010.6403;False;False;;0.3343;314.0372;519.3409;US;1.5021;0.6845;1.0;15;80;21;3164842.8571428573
PRU;A;2025-07-28;95.5227;2026-07-27;122.08;TIMEOUT;0.278;-0.051;52;48;0.6361;63.9746;176.5931;233.4165;False;False;;0.3041;63.9746;84.653;US;1.3623;0.0391;0.2101;16;88;19;8575326.315789474
PRU;B;2025-07-28;95.5227;2026-07-27;122.08;TIMEOUT;0.278;-0.051;52;48;0.6361;84.653;176.5931;233.4165;False;False;;0.3041;63.9746;84.653;US;1.3623;0.0391;0.2101;16;88;19;8575326.315789474
PRU;C;2025-07-28;95.5227;2026-03-02;95.5227;STOP_C_P2;0.0;-0.0205;31;48;0.6361;95.5227;176.5931;233.4165;False;False;;0.2203;63.9746;84.653;US;1.3623;0.0391;0.2101;16;88;19;8575326.315789474
MLM;A;2025-08-04;607.669;2026-08-03;548.57;TIMEOUT;-0.0973;-0.1385;52;53;0.5499;291.7194;968.3107;1295.4719;False;False;;0.1669;291.7194;438.964;US;1.3262;0.2368;0.815;17;78;52;2353557.6923076925
MLM;B;2025-08-04;607.669;2026-08-03;548.57;TIMEOUT;-0.0973;-0.1385;52;53;0.5499;438.964;968.3107;1295.4719;False;False;;0.1669;291.7194;438.964;US;1.3262;0.2368;0.815;17;78;52;2353557.6923076925
MLM;C;2025-08-04;607.669;2026-03-02;607.669;STOP_C_P2;0.0;-0.0411;30;53;0.5499;607.669;968.3107;1295.4719;False;False;;0.1669;291.7194;438.964;US;1.3262;0.2368;0.815;17;78;52;2353557.6923076925
AMAT;A;2025-08-11;160.582;2026-06-15;601.1565;TARGET_2;2.7436;-0.0423;44;47;0.7056;68.8881;418.3956;601.1565;True;True;36;2.9787;68.8881;122.6886;US;1.8846;0.1263;0.0017;19;91;38;33136407.89473684
AMAT;B;2025-08-11;160.582;2026-06-15;601.1565;TARGET_2;2.7436;-0.0423;44;47;0.7056;122.6886;418.3956;601.1565;True;True;36;2.9787;68.8881;122.6886;US;1.8846;0.1263;0.0017;19;91;38;33136407.89473684
AMAT;C;2025-08-11;160.582;2026-02-02;302.4942;STOP_C_P3;0.8837;-0.0423;25;47;0.7056;302.4942;418.3956;601.1565;False;False;;1.1406;68.8881;122.6886;US;1.8846;0.1263;0.0017;19;91;38;33136407.89473684
BANQ.BR;A;2025-08-18;4.2;2026-06-01;2.01;STOP_P0;-0.5214;-0.5369;41;51;0.5322;2.01;6.8699;9.1999;False;False;;0.0119;2.01;3.1;BR;1.8204;0.1978;1.0;23;24;48;46576.875
BANQ.BR;B;2025-08-18;4.2;2025-12-22;3.1;STOP_C;-0.2619;-0.2714;18;51;0.5322;3.1;6.8699;9.1999;False;False;;0.0119;2.01;3.1;BR;1.8204;0.1978;1.0;23;24;48;46576.875
BANQ.BR;C;2025-08-18;4.2;2026-03-30;2.945;STOP_C_P1;-0.2988;-0.3286;32;51;0.5322;2.945;6.8699;9.1999;False;False;;0.0119;2.01;3.1;BR;1.8204;0.1978;1.0;23;24;48;46576.875
SALM.OL;A;2025-09-08;540.8151;2026-08-10;517.5;END_DATA;-0.0431;-0.1716;48;48;0.6156;256.0254;1005.1467;1379.2536;False;False;;0.1379;256.0254;399.8419;OL;1.549;0.0163;0.9663;22;73;55;806623.8727272727
SALM.OL;B;2025-09-08;540.8151;2026-08-10;517.5;END_DATA;-0.0431;-0.1716;48;48;0.6156;399.8419;1005.1467;1379.2536;False;False;;0.1379;256.0254;399.8419;OL;1.549;0.0163;0.9663;22;73;55;806623.8727272727
SALM.OL;C;2025-09-08;540.8151;2026-08-10;517.5;END_DATA;-0.0431;-0.1716;48;48;0.6156;379.8498;1005.1467;1379.2536;False;False;;0.1379;256.0254;399.8419;OL;1.549;0.0163;0.9663;22;73;55;806623.8727272727
ITX.MC;A;2025-10-20;48.0276;2026-08-10;57.6;END_DATA;0.1993;-0.0569;42;62;0.3946;17.8337;97.1385;132.8069;False;False;;0.2372;17.8337;39.4271;MC;2.5079;0.0941;1.0;11;117;35;11092432.371428572
ITX.MC;B;2025-10-20;48.0276;2026-08-10;57.6;END_DATA;0.1993;-0.0569;42;62;0.3946;39.4271;97.1385;132.8069;False;False;;0.2372;17.8337;39.4271;MC;2.5079;0.0941;1.0;11;117;35;11092432.371428572
ITX.MC;C;2025-10-20;48.0276;2026-08-10;57.6;END_DATA;0.1993;-0.0569;42;62;0.3946;48.0276;97.1385;132.8069;False;False;;0.2372;17.8337;39.4271;MC;2.5079;0.0941;1.0;11;117;35;11092432.371428572
CVNA;A;2025-12-08;91.136;2026-08-10;75.59;END_DATA;-0.1706;-0.4024;35;53;0.4348;29.65;145.3975;198.4145;False;False;;0.0685;29.65;59.616;US;2.4551;0.1766;0.5139;6;16;13;71307153.84615384
CVNA;B;2025-12-08;91.136;2026-03-09;59.616;STOP_C;-0.3459;-0.3669;13;53;0.4348;59.616;145.3975;198.4145;False;False;;0.0685;29.65;59.616;US;2.4551;0.1766;0.5139;6;16;13;71307153.84615384
CVNA;C;2025-12-08;91.136;2026-03-16;56.6352;STOP_C_P1;-0.3786;-0.3957;14;53;0.4348;56.6352;145.3975;198.4145;False;False;;0.0685;29.65;59.616;US;2.4551;0.1766;0.5139;6;16;13;71307153.84615384
CPT;A;2025-12-15;105.1542;2026-08-10;110.36;END_DATA;0.0495;-0.1002;34;72;0.5599;74.5307;166.9587;211.8679;False;False;;0.1394;74.5307;94.2958;US;2.4933;0.0359;0.7199;7;70;34;4802438.235294118
MTB;A;2025-12-15;202.9785;2026-08-10;254.09;END_DATA;0.2518;-0.0511;34;25;0.3797;99.5544;357.3072;472.4611;False;False;;0.2596;99.5544;170.9882;US;1.3096;0.0469;0.5765;9;57;46;5875034.782608695
NVG.LS;A;2025-12-15;2.9884;2026-08-10;3.23;END_DATA;0.0809;-0.0117;34;44;0.6431;2.4185;5.1545;6.5399;False;False;;0.1618;2.4185;2.9129;LS;1.5738;0.0211;0.7213;21;68;62;3547209.709677419
CPT;B;2025-12-15;105.1542;2026-08-10;110.36;END_DATA;0.0495;-0.1002;34;72;0.5599;94.2958;166.9587;211.8679;False;False;;0.1394;74.5307;94.2958;US;2.4933;0.0359;0.7199;7;70;34;4802438.235294118
MTB;B;2025-12-15;202.9785;2026-08-10;254.09;END_DATA;0.2518;-0.0511;34;25;0.3797;170.9882;357.3072;472.4611;False;False;;0.2596;99.5544;170.9882;US;1.3096;0.0469;0.5765;9;57;46;5875034.782608695
NVG.LS;B;2025-12-15;2.9884;2026-08-10;3.23;END_DATA;0.0809;-0.0117;34;44;0.6431;2.9129;5.1545;6.5399;False;False;;0.1618;2.4185;2.9129;LS;1.5738;0.0211;0.7213;21;68;62;3547209.709677419
CPT;C;2025-12-15;105.1542;2026-08-10;110.36;END_DATA;0.0495;-0.1002;34;72;0.5599;89.581;166.9587;211.8679;False;False;;0.1394;74.5307;94.2958;US;2.4933;0.0359;0.7199;7;70;34;4802438.235294118
MTB;C;2025-12-15;202.9785;2026-03-09;202.9785;STOP_C_P2;0.0;-0.0416;12;25;0.3797;202.9785;357.3072;472.4611;False;False;;0.1612;99.5544;170.9882;US;1.3096;0.0469;0.5765;9;57;46;5875034.782608695
NVG.LS;C;2025-12-15;2.9884;2026-08-10;3.23;END_DATA;0.0809;-0.0117;34;44;0.6431;2.9884;5.1545;6.5399;False;False;;0.1618;2.4185;2.9129;LS;1.5738;0.0211;0.7213;21;68;62;3547209.709677419
ATCO-A.ST;A;2026-01-12;188.3747;2026-08-10;208.4;END_DATA;0.1063;-0.197;30;57;0.5132;84.8937;323.0043;436.1299;False;False;;0.127;84.8937;139.9671;ST;1.8112;0.1562;0.9783;23;102;60;20480001.55
ATCO-A.ST;B;2026-01-12;188.3747;2026-08-10;208.4;END_DATA;0.1063;-0.197;30;57;0.5132;139.9671;323.0043;436.1299;False;False;;0.127;84.8937;139.9671;ST;1.8112;0.1562;0.9783;23;102;60;20480001.55
ATCO-A.ST;C;2026-01-12;188.3747;2026-08-10;208.4;END_DATA;0.1063;-0.197;30;57;0.5132;132.9688;323.0043;436.1299;False;False;;0.127;84.8937;139.9671;ST;1.8112;0.1562;0.9783;23;102;60;20480001.55
PG;A;2026-01-19;147.9236;2026-08-10;144.55;END_DATA;-0.0228;-0.0682;29;72;0.6068;110.0211;235.8518;298.4156;False;False;;0.1139;110.0211;134.6235;US;1.469;0.0314;0.8008;2;125;44;40906340.90909091
PG;B;2026-01-19;147.9236;2026-08-10;144.55;END_DATA;-0.0228;-0.0682;29;72;0.6068;134.6235;235.8518;298.4156;False;False;;0.1139;110.0211;134.6235;US;1.469;0.0314;0.8008;2;125;44;40906340.90909091
PG;C;2026-01-19;147.9236;2026-08-10;144.55;END_DATA;-0.0228;-0.0682;29;72;0.6068;127.8924;235.8518;298.4156;False;False;;0.1139;110.0211;134.6235;US;1.469;0.0314;0.8008;2;125;44;40906340.90909091
DEME.BR;A;2026-01-26;164.2079;2026-08-10;167.6;END_DATA;0.0207;-0.0171;28;49;0.5512;79.2165;259.3164;346.4566;False;False;;0.2262;79.2165;118.3234;BR;1.8973;0.2663;0.7179;18;44;56;47629.07142857143
IR;A;2026-01-26;86.0268;2026-08-10;83.34;END_DATA;-0.0312;-0.2089;28;58;0.5012;39.1056;180.3847;247.1262;False;False;;0.1727;39.1056;72.3968;US;1.4694;0.1178;0.2944;10;124;51;14299931.37254902
MRSH;A;2026-01-26;186.1734;2026-08-10;187.82;END_DATA;0.0088;-0.1636;28;60;0.6526;133.9052;346.2911;454.3553;False;False;;0.0662;133.9052;171.4432;US;1.4355;0.0135;0.8634;12;146;31;12053825.806451613
DEME.BR;B;2026-01-26;164.2079;2026-08-10;167.6;END_DATA;0.0207;-0.0171;28;49;0.5512;118.3234;259.3164;346.4566;False;False;;0.2262;79.2165;118.3234;BR;1.8973;0.2663;0.7179;18;44;56;47629.07142857143
IR;B;2026-01-26;86.0268;2026-05-11;72.3968;STOP_C;-0.1584;-0.1838;15;58;0.5012;72.3968;180.3847;247.1262;False;False;;0.1727;39.1056;72.3968;US;1.4694;0.1178;0.2944;10;124;51;14299931.37254902
MRSH;B;2026-01-26;186.1734;2026-02-09;171.4432;STOP_C;-0.0791;-0.0947;2;60;0.6526;171.4432;346.2911;454.3553;False;False;;0.0273;133.9052;171.4432;US;1.4355;0.0135;0.8634;12;146;31;12053825.806451613
DEME.BR;C;2026-01-26;164.2079;2026-07-27;164.2079;STOP_C_P2;0.0;-0.0171;26;49;0.5512;164.2079;259.3164;346.4566;False;False;;0.2262;79.2165;118.3234;BR;1.8973;0.2663;0.7179;18;44;56;47629.07142857143
IR;C;2026-01-26;86.0268;2026-03-02;86.0268;STOP_C_P2;0.0;-0.0006;5;58;0.5012;86.0268;180.3847;247.1262;False;False;;0.1727;39.1056;72.3968;US;1.4694;0.1178;0.2944;10;124;51;14299931.37254902
MRSH;C;2026-01-26;186.1734;2026-05-04;162.871;STOP_C_P1;-0.1252;-0.1321;14;60;0.6526;162.871;346.2911;454.3553;False;False;;0.0273;133.9052;171.4432;US;1.4355;0.0135;0.8634;12;146;31;12053825.806451613
EOG;A;2026-02-02;111.9929;2026-08-10;142.61;END_DATA;0.2734;-0.0133;27;50;0.7326;87.3973;170.058;213.9012;False;False;;0.3357;87.3973;99.1198;US;1.3718;0.0149;0.8407;7;96;48;17812608.333333332
EQR;A;2026-02-02;62.4765;2026-08-10;65.97;END_DATA;0.0559;-0.0989;27;47;0.6315;46.9385;98.2667;124.1046;False;False;;0.1444;46.9385;56.4608;US;1.4523;0.025;0.7008;13;56;49;9575622.448979592
REG;A;2026-02-02;73.7964;2026-08-10;76.71;END_DATA;0.0395;-0.0078;27;36;0.39;51.695;100.6425;122.6116;False;False;;0.1337;51.695;65.0966;US;1.5726;0.0589;0.7554;8;46;40;5482827.5
UNP;A;2026-02-02;250.0078;2026-08-10;293.68;TIMEOUT_T1;0.1747;-0.0779;27;55;0.6711;187.4473;305.8416;366.6545;True;False;24;0.2639;187.4473;207.4463;US;1.4222;0.1436;0.9703;21;69;32;17095978.125
EOG;B;2026-02-02;111.9929;2026-08-10;142.61;END_DATA;0.2734;-0.0133;27;50;0.7326;99.1198;170.058;213.9012;False;False;;0.3357;87.3973;99.1198;US;1.3718;0.0149;0.8407;7;96;48;17812608.333333332
EQR;B;2026-02-02;62.4765;2026-03-16;56.4608;STOP_C;-0.0963;-0.0989;6;47;0.6315;56.4608;98.2667;124.1046;False;False;;0.0363;46.9385;56.4608;US;1.4523;0.025;0.7008;13;56;49;9575622.448979592
REG;B;2026-02-02;73.7964;2026-08-10;76.71;END_DATA;0.0395;-0.0078;27;36;0.39;65.0966;100.6425;122.6116;False;False;;0.1337;51.695;65.0966;US;1.5726;0.0589;0.7554;8;46;40;5482827.5
UNP;B;2026-02-02;250.0078;2026-08-10;293.68;TIMEOUT_T1;0.1747;-0.0779;27;55;0.6711;207.4463;305.8416;366.6545;True;False;24;0.2639;187.4473;207.4463;US;1.4222;0.1436;0.9703;21;69;32;17095978.125
EOG;C;2026-02-02;111.9929;2026-04-06;131.639;STOP_C_P3;0.1754;-0.0133;9;50;0.7326;131.639;170.058;213.9012;False;False;;0.3357;87.3973;99.1198;US;1.3718;0.0149;0.8407;7;96;48;17812608.333333332
EQR;C;2026-02-02;62.4765;2026-08-10;65.97;END_DATA;0.0559;-0.0989;27;47;0.6315;53.6378;98.2667;124.1046;False;False;;0.1444;46.9385;56.4608;US;1.4523;0.025;0.7008;13;56;49;9575622.448979592
REG;C;2026-02-02;73.7964;2026-08-10;76.71;END_DATA;0.0395;-0.0078;27;36;0.39;61.8417;100.6425;122.6116;False;False;;0.1337;51.695;65.0966;US;1.5726;0.0589;0.7554;8;46;40;5482827.5
UNP;C;2026-02-02;250.0078;2026-08-10;293.68;TIMEOUT_T1;0.1747;-0.0779;27;55;0.6711;278.0712;305.8416;366.6545;True;False;24;0.2639;187.4473;207.4463;US;1.4222;0.1436;0.9703;21;69;32;17095978.125
LII;A;2026-02-09;563.64;2026-08-10;422.01;END_DATA;-0.2513;-0.2701;26;66;0.4655;173.8785;1244.2485;1741.5122;False;False;;0.0419;173.8785;439.6758;US;1.3699;0.0672;0.8394;12;128;51;2088094.1176470588
LII;B;2026-02-09;563.64;2026-03-23;439.6758;STOP_C;-0.2199;-0.234;6;66;0.4655;439.6758;1244.2485;1741.5122;False;False;;0.0135;173.8785;439.6758;US;1.3699;0.0672;0.8394;12;128;51;2088094.1176470588
LII;C;2026-02-09;563.64;2026-07-27;417.692;STOP_C_P1;-0.2589;-0.2701;24;66;0.4655;417.692;1244.2485;1741.5122;False;False;;0.0419;173.8785;439.6758;US;1.3699;0.0672;0.8394;12;128;51;2088094.1176470588
BEKB.BR;A;2026-02-23;41.7752;2026-08-10;38.6;END_DATA;-0.076;-0.1417;24;46;0.5291;20.6927;68.6764;91.6467;False;False;;0.0485;20.6927;31.5104;BR;1.6481;0.1263;0.6393;19;74;85;206036.7882352941
KIM;A;2026-02-23;23.0374;2026-08-10;24.41;END_DATA;0.0596;-0.0506;24;48;0.5846;15.8588;32.1146;40.109;False;False;;0.1568;15.8588;19.1796;US;2.0318;0.0898;0.5862;14;32;51;22161870.588235293
TEF.MC;A;2026-02-23;3.7021;2026-08-10;3.683;END_DATA;-0.0052;-0.0974;24;64;0.6569;2.3811;6.5576;8.6873;False;False;;0.0767;2.3811;3.1117;MC;1.7265;0.1051;0.9477;5;149;22;58901798.04545455
BEKB.BR;B;2026-02-23;41.7752;2026-08-10;38.6;END_DATA;-0.076;-0.1417;24;46;0.5291;31.5104;68.6764;91.6467;False;False;;0.0485;20.6927;31.5104;BR;1.6481;0.1263;0.6393;19;74;85;206036.7882352941
KIM;B;2026-02-23;23.0374;2026-08-10;24.41;END_DATA;0.0596;-0.0506;24;48;0.5846;19.1796;32.1146;40.109;False;False;;0.1568;15.8588;19.1796;US;2.0318;0.0898;0.5862;14;32;51;22161870.588235293
TEF.MC;B;2026-02-23;3.7021;2026-08-10;3.683;END_DATA;-0.0052;-0.0974;24;64;0.6569;3.1117;6.5576;8.6873;False;False;;0.0767;2.3811;3.1117;MC;1.7265;0.1051;0.9477;5;149;22;58901798.04545455
BEKB.BR;C;2026-02-23;41.7752;2026-08-10;38.6;END_DATA;-0.076;-0.1417;24;46;0.5291;29.9349;68.6764;91.6467;False;False;;0.0485;20.6927;31.5104;BR;1.6481;0.1263;0.6393;19;74;85;206036.7882352941
KIM;C;2026-02-23;23.0374;2026-08-10;24.41;END_DATA;0.0596;-0.0506;24;48;0.5846;23.0374;32.1146;40.109;False;False;;0.1568;15.8588;19.1796;US;2.0318;0.0898;0.5862;14;32;51;22161870.588235293
TEF.MC;C;2026-02-23;3.7021;2026-08-10;3.683;END_DATA;-0.0052;-0.0974;24;64;0.6569;2.9561;6.5576;8.6873;False;False;;0.0767;2.3811;3.1117;MC;1.7265;0.1051;0.9477;5;149;22;58901798.04545455
GALP.LS;A;2026-03-02;19.368;2026-08-10;20.81;END_DATA;0.0745;-0.0696;23;63;0.5546;8.6105;32.3345;43.8319;False;False;;0.1305;8.6105;13.7317;LS;3.0505;0.0851;0.7895;12;58;84;6964445.023809524
GALP.LS;B;2026-03-02;19.368;2026-08-10;20.81;END_DATA;0.0745;-0.0696;23;63;0.5546;13.7317;32.3345;43.8319;False;False;;0.1305;8.6105;13.7317;LS;3.0505;0.0851;0.7895;12;58;84;6964445.023809524
GALP.LS;C;2026-03-02;19.368;2026-08-10;20.81;END_DATA;0.0745;-0.0696;23;63;0.5546;13.0451;32.3345;43.8319;False;False;;0.1305;8.6105;13.7317;LS;3.0505;0.0851;0.7895;12;58;84;6964445.023809524
CVNA;A;2026-04-13;77.506;2026-08-10;75.59;END_DATA;-0.0247;-0.2759;17;41;0.4348;29.65;145.3975;198.4145;False;False;;0.0827;29.65;59.616;US;1.3296;0.0687;0.8434;24;16;13;71307153.84615384
HOOD;A;2026-04-13;90.75;2026-08-10;95.56;END_DATA;0.053;-0.2294;17;49;0.7274;29.66;264.4706;388.6706;False;False;;0.3229;29.66;63.515;US;1.8016;0.3961;0.8993;2;26;25;132692132.0
MFEA.MC;A;2026-04-13;2.7755;2026-08-10;2.67;END_DATA;-0.038;-0.1029;17;84;0.6254;1.3001;5.8128;8.0775;False;False;;0.0465;1.3001;2.1485;MC;3.4535;0.0244;0.8118;4;98;27;81328.11111111111
CVNA;B;2026-04-13;77.506;2026-07-20;59.616;STOP_C;-0.2308;-0.2379;14;41;0.4348;59.616;145.3975;198.4145;False;False;;0.0827;29.65;59.616;US;1.3296;0.0687;0.8434;24;16;13;71307153.84615384
HOOD;B;2026-04-13;90.75;2026-08-10;95.56;END_DATA;0.053;-0.2294;17;49;0.7274;63.515;264.4706;388.6706;False;False;;0.3229;29.66;63.515;US;1.8016;0.3961;0.8993;2;26;25;132692132.0
MFEA.MC;B;2026-04-13;2.7755;2026-08-10;2.67;END_DATA;-0.038;-0.1029;17;84;0.6254;2.1485;5.8128;8.0775;False;False;;0.0465;1.3001;2.1485;MC;3.4535;0.0244;0.8118;4;98;27;81328.11111111111
CVNA;C;2026-04-13;77.506;2026-07-27;56.6352;STOP_C_P1;-0.2693;-0.2759;15;41;0.4348;56.6352;145.3975;198.4145;False;False;;0.0827;29.65;59.616;US;1.3296;0.0687;0.8434;24;16;13;71307153.84615384
HOOD;C;2026-04-13;90.75;2026-07-27;90.75;STOP_C_P2;0.0;-0.2294;15;49;0.7274;90.75;264.4706;388.6706;False;False;;0.3229;29.66;63.515;US;1.8016;0.3961;0.8993;2;26;25;132692132.0
MFEA.MC;C;2026-04-13;2.7755;2026-08-10;2.67;END_DATA;-0.038;-0.1029;17;84;0.6254;2.0411;5.8128;8.0775;False;False;;0.0465;1.3001;2.1485;MC;3.4535;0.0244;0.8118;4;98;27;81328.11111111111
DLR;A;2026-04-20;198.6754;2026-08-10;200.15;END_DATA;0.0074;-0.1391;16;28;0.398;77.735;323.1427;433.6887;False;False;;0.0443;77.735;144.2791;US;1.3758;0.1466;0.1933;18;79;55;9472492.727272727
DLR;B;2026-04-20;198.6754;2026-08-10;200.15;END_DATA;0.0074;-0.1391;16;28;0.398;144.2791;323.1427;433.6887;False;False;;0.0443;77.735;144.2791;US;1.3758;0.1466;0.1933;18;79;55;9472492.727272727
DLR;C;2026-04-20;198.6754;2026-08-10;200.15;END_DATA;0.0074;-0.1391;16;28;0.398;137.0652;323.1427;433.6887;False;False;;0.0443;77.735;144.2791;US;1.3758;0.1466;0.1933;18;79;55;9472492.727272727
CPT;A;2026-04-27;103.5016;2026-08-10;110.36;END_DATA;0.0663;-0.0186;15;46;0.5599;74.5307;166.9587;211.8679;False;False;;0.1576;74.5307;94.2958;US;1.507;0.1105;0.5776;26;70;34;4802438.235294118
EQR;A;2026-04-27;64.5;2026-08-10;65.97;END_DATA;0.0228;-0.0238;15;54;0.6378;46.9385;98.1021;123.9401;False;False;;0.1085;46.9385;56.2963;US;1.7478;0.0995;0.6907;6;56;68;10175133.823529411
ESS;A;2026-04-27;261.0452;2026-08-10;287.52;END_DATA;0.1014;-0.0051;15;46;0.5459;184.0664;421.9938;536.8205;False;False;;0.1621;184.0664;236.2042;US;1.4733;0.0414;0.5318;26;71;34;2339991.1764705884
CPT;B;2026-04-27;103.5016;2026-08-10;110.36;END_DATA;0.0663;-0.0186;15;46;0.5599;94.2958;166.9587;211.8679;False;False;;0.1576;74.5307;94.2958;US;1.507;0.1105;0.5776;26;70;34;4802438.235294118
EQR;B;2026-04-27;64.5;2026-08-10;65.97;END_DATA;0.0228;-0.0238;15;54;0.6378;56.2963;98.1021;123.9401;False;False;;0.1085;46.9385;56.2963;US;1.7478;0.0995;0.6907;6;56;68;10175133.823529411
ESS;B;2026-04-27;261.0452;2026-08-10;287.52;END_DATA;0.1014;-0.0051;15;46;0.5459;236.2042;421.9938;536.8205;False;False;;0.1621;184.0664;236.2042;US;1.4733;0.0414;0.5318;26;71;34;2339991.1764705884
CPT;C;2026-04-27;103.5016;2026-08-10;110.36;END_DATA;0.0663;-0.0186;15;46;0.5599;103.5016;166.9587;211.8679;False;False;;0.1576;74.5307;94.2958;US;1.507;0.1105;0.5776;26;70;34;4802438.235294118
EQR;C;2026-04-27;64.5;2026-08-10;65.97;END_DATA;0.0228;-0.0238;15;54;0.6378;53.4815;98.1021;123.9401;False;False;;0.1085;46.9385;56.2963;US;1.7478;0.0995;0.6907;6;56;68;10175133.823529411
ESS;C;2026-04-27;261.0452;2026-08-10;287.52;END_DATA;0.1014;-0.0051;15;46;0.5459;261.0452;421.9938;536.8205;False;False;;0.1621;184.0664;236.2042;US;1.4733;0.0414;0.5318;26;71;34;2339991.1764705884
APH;A;2026-05-11;124.8117;2026-08-10;167.11;END_DATA;0.3389;-0.0559;13;53;0.438;55.9688;296.8357;407.3263;False;False;;0.4303;55.9688;118.0619;US;1.553;0.0585;0.4175;6;42;9;47153877.777777776
APH;B;2026-05-11;124.8117;2026-05-18;118.0619;STOP_C;-0.0541;-0.0559;1;53;0.438;118.0619;296.8357;407.3263;False;False;;0.0607;55.9688;118.0619;US;1.553;0.0585;0.4175;6;42;9;47153877.777777776
APH;C;2026-05-11;124.8117;2026-08-10;167.11;END_DATA;0.3389;-0.0559;13;53;0.438;124.8117;296.8357;407.3263;False;False;;0.4303;55.9688;118.0619;US;1.553;0.0585;0.4175;6;42;9;47153877.777777776
NVG.LS;A;2026-06-08;3.4371;2026-08-10;3.23;END_DATA;-0.0603;-0.0969;9;53;0.5956;2.4185;5.2203;6.6057;False;False;;0.0101;2.4185;2.9787;LS;1.4402;0.0503;0.9802;11;68;97;4157915.4536082475
NVG.LS;B;2026-06-08;3.4371;2026-08-10;3.23;END_DATA;-0.0603;-0.0969;9;53;0.5956;2.9787;5.2203;6.6057;False;False;;0.0101;2.4185;2.9787;LS;1.4402;0.0503;0.9802;11;68;97;4157915.4536082475
NVG.LS;C;2026-06-08;3.4371;2026-08-10;3.23;END_DATA;-0.0603;-0.0969;9;53;0.5956;2.8298;5.2203;6.6057;False;False;;0.0101;2.4185;2.9787;LS;1.4402;0.0503;0.9802;11;68;97;4157915.4536082475
PHM;A;2026-06-22;137.61;2026-08-10;130.18;END_DATA;-0.054;-0.1151;7;67;0.6283;87.1859;200.0033;256.7047;False;False;;0.0045;87.1859;108.2604;US;1.3104;0.1295;0.8373;5;45;13;9230084.615384616
PHM;B;2026-06-22;137.61;2026-08-10;130.18;END_DATA;-0.054;-0.1151;7;67;0.6283;108.2604;200.0033;256.7047;False;False;;0.0045;87.1859;108.2604;US;1.3104;0.1295;0.8373;5;45;13;9230084.615384616
PHM;C;2026-06-22;137.61;2026-08-10;130.18;END_DATA;-0.054;-0.1151;7;67;0.6283;102.8474;200.0033;256.7047;False;False;;0.0045;87.1859;108.2604;US;1.3104;0.1295;0.8373;5;45;13;9230084.615384616
ESSITY-B.ST;A;2026-07-13;282.8;2026-08-10;278.2;END_DATA;-0.0163;-0.0339;4;45;0.6534;207.393;400.3975;498.6388;False;False;;0.0099;207.393;241.443;ST;1.4538;0.0996;0.8448;25;51;70;6651096.271428571
ESSITY-B.ST;B;2026-07-13;282.8;2026-08-10;278.2;END_DATA;-0.0163;-0.0339;4;45;0.6534;241.443;400.3975;498.6388;False;False;;0.0099;207.393;241.443;ST;1.4538;0.0996;0.8448;25;51;70;6651096.271428571
ESSITY-B.ST;C;2026-07-13;282.8;2026-08-10;278.2;END_DATA;-0.0163;-0.0339;4;45;0.6534;229.3708;400.3975;498.6388;False;False;;0.0099;207.393;241.443;ST;1.4538;0.0996;0.8448;25;51;70;6651096.271428571
1MU.MI;A;2026-07-27;737.4;2026-08-10;831.9;END_DATA;0.1282;-0.0887;2;62;0.5756;270.9547;1970.7979;2803.0587;False;False;;0.158;270.9547;624.2;MI;1.3193;0.0729;0.519;0;12;5;89173.6
ARES;A;2026-07-27;128.09;2026-08-10;144.02;END_DATA;0.1244;0.0;2;44;0.7006;52.1215;317.5561;455.9896;False;False;;0.17;52.1215;93.5706;US;1.3715;0.0146;0.6766;20;121;57;11418398.245614035
MET;A;2026-07-27;95.5381;2026-08-10;97.66;END_DATA;0.0222;-0.017;2;41;0.4548;44.4191;131.6573;171.9853;False;False;;0.0564;44.4191;66.4066;US;1.569;0.1857;0.4377;18;80;69;16837660.86956522
1MU.MI;B;2026-07-27;737.4;2026-08-10;831.9;END_DATA;0.1282;-0.0887;2;62;0.5756;624.2;1970.7979;2803.0587;False;False;;0.158;270.9547;624.2;MI;1.3193;0.0729;0.519;0;12;5;89173.6
ARES;B;2026-07-27;128.09;2026-08-10;144.02;END_DATA;0.1244;0.0;2;44;0.7006;93.5706;317.5561;455.9896;False;False;;0.17;52.1215;93.5706;US;1.3715;0.0146;0.6766;20;121;57;11418398.245614035
MET;B;2026-07-27;95.5381;2026-08-10;97.66;END_DATA;0.0222;-0.017;2;41;0.4548;66.4066;131.6573;171.9853;False;False;;0.0564;44.4191;66.4066;US;1.569;0.1857;0.4377;18;80;69;16837660.86956522
1MU.MI;C;2026-07-27;737.4;2026-08-10;831.9;END_DATA;0.1282;-0.0887;2;62;0.5756;737.4;1970.7979;2803.0587;False;False;;0.158;270.9547;624.2;MI;1.3193;0.0729;0.519;0;12;5;89173.6
ARES;C;2026-07-27;128.09;2026-08-10;144.02;END_DATA;0.1244;0.0;2;44;0.7006;128.09;317.5561;455.9896;False;False;;0.17;52.1215;93.5706;US;1.3715;0.0146;0.6766;20;121;57;11418398.245614035
MET;C;2026-07-27;95.5381;2026-08-10;97.66;END_DATA;0.0222;-0.017;2;41;0.4548;63.0862;131.6573;171.9853;False;False;;0.0564;44.4191;66.4066;US;1.569;0.1857;0.4377;18;80;69;16837660.86956522
KKR;A;2026-08-10;114.01;2026-08-10;114.01;END_DATA;0.0;0.0;0;56;0.6728;40.4615;289.4818;417.498;False;False;;0.0;40.4615;82.3516;US;1.5622;0.2898;0.834;22;120;58;25428970.689655174
KKR;B;2026-08-10;114.01;2026-08-10;114.01;END_DATA;0.0;0.0;0;56;0.6728;82.3516;289.4818;417.498;False;False;;0.0;40.4615;82.3516;US;1.5622;0.2898;0.834;22;120;58;25428970.689655174
KKR;C;2026-08-10;114.01;2026-08-10;114.01;END_DATA;0.0;0.0;0;56;0.6728;78.234;289.4818;417.498;False;False;;0.0;40.4615;82.3516;US;1.5622;0.2898;0.834;22;120;58;25428970.689655174
